track_id;artists;1_ref_genre;2_ref_genre;3_ref_genre;4_ref_genre;5_ref_genre;6_ref_genre;7_ref_genre;8_ref_genre;9_ref_genre;10_ref_genre;11_ref_genre;12_ref_genre;13_ref_genre;14_ref_genre;15_ref_genre;16_ref_genre;17_ref_genre;18_ref_genre;19_ref_genre;20_ref_genre;21_ref_genre;22_ref_genre;23_ref_genre;24_ref_genre;25_ref_genre;26_ref_genre;27_ref_genre;28_ref_genre;29_ref_genre;30_ref_genre;31_ref_genre;32_ref_genre;33_ref_genre;34_ref_genre;35_ref_genre;36_ref_genre;37_ref_genre;38_ref_genre;39_ref_genre;1_simil_ref_genre;2_simil_ref_genre;3_simil_ref_genre;4_simil_ref_genre;5_simil_ref_genre;6_simil_ref_genre;7_simil_ref_genre;8_simil_ref_genre;9_simil_ref_genre;10_simil_ref_genre;11_simil_ref_genre;12_simil_ref_genre;13_simil_ref_genre;14_simil_ref_genre;15_simil_ref_genre;16_simil_ref_genre;17_simil_ref_genre;18_simil_ref_genre;19_simil_ref_genre;20_simil_ref_genre;21_simil_ref_genre;22_simil_ref_genre;23_simil_ref_genre;24_simil_ref_genre;25_simil_ref_genre;26_simil_ref_genre;27_simil_ref_genre;28_simil_ref_genre;29_simil_ref_genre;30_simil_ref_genre;31_simil_ref_genre;32_simil_ref_genre;33_simil_ref_genre;34_simil_ref_genre;35_simil_ref_genre;36_simil_ref_genre;37_simil_ref_genre;38_simil_ref_genre;39_simil_ref_genre;is_hard_rules;is_genre_fix;popularity_song;popularity_artist;pl_name;is_ref_pl
5nw2rQXAjfpZNaMzAJ8qTX;['1aQ7P3HtKOQFW16ebjiks1'];1GTPRD8z9c7kVDqwGbn52f;4E4Gxykl5nYMSIwlIVzjGr;7aDotQpUKpGFrOsrfQAxNc;1r8oPEXqnhUVgkUkJNqEuF;0WQiDwKJclirSYG9v5tayI;2OErSh4oVVAUll0vHxdr6p;6nTiIhLmQ3FWhvrGafw2zj;5AJrhrwz4oSZX2PwwV4qrN;2AwrViURxCTIiEeaRu0uDb;5QTxFnGygVM4jFQiBovmRo;39LLxExYz6ewLAcYrzQQyP;3YZa4IzxK2UtEKTvdTgsi8;5jkFvD4UJrmdoezzT1FRoP;7ACxUo21jtTHzy7ZEV56vU;7Dm3dV3WPNdTgxoNY7YFnc;78Az0Z1vNJgqv9QSB0ULLV;34K7nU8EWQIRI93RfqhdRJ;1QzFhzIOW7CyRJLpmq5CM0;5TNhjanmvwvmjCz2WYwSAv;3ixTiPABjqkBKPocxq6oIe;4lB8SqU4KfzB0QjfEIAssb;5W3cjX2J3tjhG8zb6u0qHn;25SJaCCPiosugnlY53VhRG;4y1LsJpmMti1PfRQV9AWWe;6NwbeybX6TDtXlpXvnUOZC;7zACUQbWQxzT4aER7ityBV;20I8RduZC2PWMWTDCZuuAN;0JhKJg5ejeQ8jq89UQtnw8;6g1NlCpW7fgqDnWbCCDrHl;2374M0fQpWi3dLnB54qaLX;20OFwXhEXf12DzwXmaV7fj;3LTMnFa0hhwisyq6ILahyj;5vmRQ3zELMLUQPo2FLQ76x;1EW3j7tz6kkOE4dIumzc1p;5LBTfYRqAadXE8DW7gzSPu;2Khm1TiPetapBlVoy5e5hS;5VTYoFVZ8yQutwMTjP9MiF;5rDkA2TFOImbiVenmnE9r4;7Ld1YDk8O9SYWPiz2tdo3o;0.97;0.8536803722381592;0.8197157979011536;0.7440504431724548;0.7406578660011292;0.7406578660011292;0.7353672981262207;0.7148248553276062;0.7140159010887146;0.7132996320724487;0.7091805934906006;0.7071561217308044;0.7027900218963623;0.6991310715675354;0.6981967091560364;0.689266562461853;0.689266562461853;0.6852306723594666;0.6851039528846741;0.6803286075592041;0.6803286075592041;0.6800705790519714;0.674919068813324;0.6692243218421936;0.6688978672027588;0.6687975525856018;0.6664202213287354;0.6567533016204834;0.6567533016204834;0.6560516357421875;0.6556909084320068;0.6540674567222595;0.6457095146179199;0.6305420994758606;0.6297560334205627;0.6269829273223877;0.6269829273223877;0.6088847517967224;0.6088847517967224;0;1.0;55.0;53.0;Best Matches (2024/11/30);0
5zHvsFZoCzLmhbRbYDkg42;['2Ynst7DZrEJnlaMM41ZCxd'];2Khm1TiPetapBlVoy5e5hS;5VTYoFVZ8yQutwMTjP9MiF;5LBTfYRqAadXE8DW7gzSPu;1EW3j7tz6kkOE4dIumzc1p;4E4Gxykl5nYMSIwlIVzjGr;20I8RduZC2PWMWTDCZuuAN;1QzFhzIOW7CyRJLpmq5CM0;39LLxExYz6ewLAcYrzQQyP;25SJaCCPiosugnlY53VhRG;7zACUQbWQxzT4aER7ityBV;5jkFvD4UJrmdoezzT1FRoP;5TNhjanmvwvmjCz2WYwSAv;6nTiIhLmQ3FWhvrGafw2zj;4y1LsJpmMti1PfRQV9AWWe;7Dm3dV3WPNdTgxoNY7YFnc;3YZa4IzxK2UtEKTvdTgsi8;5AJrhrwz4oSZX2PwwV4qrN;2AwrViURxCTIiEeaRu0uDb;6NwbeybX6TDtXlpXvnUOZC;5QTxFnGygVM4jFQiBovmRo;1r8oPEXqnhUVgkUkJNqEuF;7aDotQpUKpGFrOsrfQAxNc;5vmRQ3zELMLUQPo2FLQ76x;0JhKJg5ejeQ8jq89UQtnw8;6g1NlCpW7fgqDnWbCCDrHl;2OErSh4oVVAUll0vHxdr6p;0WQiDwKJclirSYG9v5tayI;3LTMnFa0hhwisyq6ILahyj;2374M0fQpWi3dLnB54qaLX;3ixTiPABjqkBKPocxq6oIe;4lB8SqU4KfzB0QjfEIAssb;7ACxUo21jtTHzy7ZEV56vU;5W3cjX2J3tjhG8zb6u0qHn;34K7nU8EWQIRI93RfqhdRJ;78Az0Z1vNJgqv9QSB0ULLV;20OFwXhEXf12DzwXmaV7fj;1GTPRD8z9c7kVDqwGbn52f;7Ld1YDk8O9SYWPiz2tdo3o;5rDkA2TFOImbiVenmnE9r4;0.97;0.9703165888786316;0.8947041630744934;0.8352681994438171;0.7407668828964233;0.7217934131622314;0.7142373323440552;0.7053080201148987;0.6990956664085388;0.6973015069961548;0.6962516903877258;0.695334255695343;0.6952593326568604;0.6916226744651794;0.6911264061927795;0.690756618976593;0.689035952091217;0.6857321858406067;0.6843557953834534;0.6842527985572815;0.6819149255752563;0.6802220940589905;0.675935685634613;0.6713206171989441;0.6713206171989441;0.6679369211196899;0.6679369211196899;0.6643064618110657;0.6637172698974609;0.6606867909431458;0.6606867909431458;0.6560648679733276;0.640961766242981;0.6386551260948181;0.6386551260948181;0.6344285011291504;0.6322040557861328;0.5710527896881104;0.5710527896881104;0;1.0;55.0;52.0;Best Matches (2024/11/30);0
1Yj135jgLfAXpCxWSXjRe2;['5bj2pIzyYR99GUinn9fKAN', '4beHLf0L7m2eBwhyifF9Kn'];2Khm1TiPetapBlVoy5e5hS;5VTYoFVZ8yQutwMTjP9MiF;5LBTfYRqAadXE8DW7gzSPu;1EW3j7tz6kkOE4dIumzc1p;4E4Gxykl5nYMSIwlIVzjGr;20I8RduZC2PWMWTDCZuuAN;1QzFhzIOW7CyRJLpmq5CM0;39LLxExYz6ewLAcYrzQQyP;25SJaCCPiosugnlY53VhRG;7zACUQbWQxzT4aER7ityBV;5jkFvD4UJrmdoezzT1FRoP;5TNhjanmvwvmjCz2WYwSAv;6nTiIhLmQ3FWhvrGafw2zj;4y1LsJpmMti1PfRQV9AWWe;7Dm3dV3WPNdTgxoNY7YFnc;3YZa4IzxK2UtEKTvdTgsi8;5AJrhrwz4oSZX2PwwV4qrN;2AwrViURxCTIiEeaRu0uDb;6NwbeybX6TDtXlpXvnUOZC;5QTxFnGygVM4jFQiBovmRo;1r8oPEXqnhUVgkUkJNqEuF;7aDotQpUKpGFrOsrfQAxNc;5vmRQ3zELMLUQPo2FLQ76x;0JhKJg5ejeQ8jq89UQtnw8;6g1NlCpW7fgqDnWbCCDrHl;2OErSh4oVVAUll0vHxdr6p;0WQiDwKJclirSYG9v5tayI;3LTMnFa0hhwisyq6ILahyj;2374M0fQpWi3dLnB54qaLX;3ixTiPABjqkBKPocxq6oIe;4lB8SqU4KfzB0QjfEIAssb;7ACxUo21jtTHzy7ZEV56vU;5W3cjX2J3tjhG8zb6u0qHn;34K7nU8EWQIRI93RfqhdRJ;78Az0Z1vNJgqv9QSB0ULLV;20OFwXhEXf12DzwXmaV7fj;1GTPRD8z9c7kVDqwGbn52f;7Ld1YDk8O9SYWPiz2tdo3o;5rDkA2TFOImbiVenmnE9r4;0.97;0.9703165888786316;0.8947041630744934;0.8352681994438171;0.7407668828964233;0.7217934131622314;0.7142373323440552;0.7053080201148987;0.6990956664085388;0.6973015069961548;0.6962516903877258;0.695334255695343;0.6952593326568604;0.6916226744651794;0.6911264061927795;0.690756618976593;0.689035952091217;0.6857321858406067;0.6843557953834534;0.6842527985572815;0.6819149255752563;0.6802220940589905;0.675935685634613;0.6713206171989441;0.6713206171989441;0.6679369211196899;0.6679369211196899;0.6643064618110657;0.6637172698974609;0.6606867909431458;0.6606867909431458;0.6560648679733276;0.640961766242981;0.6386551260948181;0.6386551260948181;0.6344285011291504;0.6322040557861328;0.5710527896881104;0.5710527896881104;0;1.0;20.0;31.0;Best Matches (2024/11/30);0
148BGy6HUPaY0crdLsgGOL;['4Cqia9vrAbm7ANXbJGXsTE', '1J0FSEQhWSMHcYqaapIjY6'];5TNhjanmvwvmjCz2WYwSAv;2374M0fQpWi3dLnB54qaLX;5QTxFnGygVM4jFQiBovmRo;7Dm3dV3WPNdTgxoNY7YFnc;7ACxUo21jtTHzy7ZEV56vU;2AwrViURxCTIiEeaRu0uDb;6NwbeybX6TDtXlpXvnUOZC;1QzFhzIOW7CyRJLpmq5CM0;3YZa4IzxK2UtEKTvdTgsi8;3LTMnFa0hhwisyq6ILahyj;4y1LsJpmMti1PfRQV9AWWe;34K7nU8EWQIRI93RfqhdRJ;78Az0Z1vNJgqv9QSB0ULLV;6nTiIhLmQ3FWhvrGafw2zj;20OFwXhEXf12DzwXmaV7fj;7aDotQpUKpGFrOsrfQAxNc;5W3cjX2J3tjhG8zb6u0qHn;20I8RduZC2PWMWTDCZuuAN;5AJrhrwz4oSZX2PwwV4qrN;5jkFvD4UJrmdoezzT1FRoP;7zACUQbWQxzT4aER7ityBV;39LLxExYz6ewLAcYrzQQyP;4E4Gxykl5nYMSIwlIVzjGr;3ixTiPABjqkBKPocxq6oIe;4lB8SqU4KfzB0QjfEIAssb;1r8oPEXqnhUVgkUkJNqEuF;2OErSh4oVVAUll0vHxdr6p;0WQiDwKJclirSYG9v5tayI;6g1NlCpW7fgqDnWbCCDrHl;0JhKJg5ejeQ8jq89UQtnw8;1EW3j7tz6kkOE4dIumzc1p;5vmRQ3zELMLUQPo2FLQ76x;2Khm1TiPetapBlVoy5e5hS;5VTYoFVZ8yQutwMTjP9MiF;25SJaCCPiosugnlY53VhRG;7Ld1YDk8O9SYWPiz2tdo3o;5rDkA2TFOImbiVenmnE9r4;1GTPRD8z9c7kVDqwGbn52f;5LBTfYRqAadXE8DW7gzSPu;0.96;0.9338955283164978;0.9142469167709351;0.9061604142189026;0.8979672193527222;0.8916254043579102;0.8782508969306946;0.8591903448104858;0.8578190207481384;0.8548227548599243;0.8392277359962463;0.8354707360267639;0.8354707360267639;0.833515465259552;0.8325362801551819;0.8296507000923157;0.8142939209938049;0.8112050890922546;0.8051088452339172;0.7854628562927246;0.7841891646385193;0.7840234637260437;0.783833920955658;0.7814133167266846;0.7814133167266846;0.7670719623565674;0.7615471482276917;0.7615471482276917;0.7602099776268005;0.7602099776268005;0.7535732984542847;0.7474693059921265;0.7383436560630798;0.7383436560630798;0.7261825799942017;0.7222653031349182;0.7222653031349182;0.6963403224945068;0.6832670569419861;0;1.0;35.0;59.0;Best Matches (2024/11/30);0
27VsgViH6pmBwZzotuvhDz;['0FDO0siwgVeDs40rqwS2mK'];5LBTfYRqAadXE8DW7gzSPu;5VTYoFVZ8yQutwMTjP9MiF;2Khm1TiPetapBlVoy5e5hS;1EW3j7tz6kkOE4dIumzc1p;20I8RduZC2PWMWTDCZuuAN;39LLxExYz6ewLAcYrzQQyP;7zACUQbWQxzT4aER7ityBV;4E4Gxykl5nYMSIwlIVzjGr;4y1LsJpmMti1PfRQV9AWWe;5jkFvD4UJrmdoezzT1FRoP;6nTiIhLmQ3FWhvrGafw2zj;5AJrhrwz4oSZX2PwwV4qrN;7Dm3dV3WPNdTgxoNY7YFnc;3YZa4IzxK2UtEKTvdTgsi8;1QzFhzIOW7CyRJLpmq5CM0;6NwbeybX6TDtXlpXvnUOZC;1r8oPEXqnhUVgkUkJNqEuF;5TNhjanmvwvmjCz2WYwSAv;5QTxFnGygVM4jFQiBovmRo;7aDotQpUKpGFrOsrfQAxNc;2AwrViURxCTIiEeaRu0uDb;0JhKJg5ejeQ8jq89UQtnw8;6g1NlCpW7fgqDnWbCCDrHl;5vmRQ3zELMLUQPo2FLQ76x;2OErSh4oVVAUll0vHxdr6p;0WQiDwKJclirSYG9v5tayI;25SJaCCPiosugnlY53VhRG;3ixTiPABjqkBKPocxq6oIe;4lB8SqU4KfzB0QjfEIAssb;2374M0fQpWi3dLnB54qaLX;7ACxUo21jtTHzy7ZEV56vU;5W3cjX2J3tjhG8zb6u0qHn;3LTMnFa0hhwisyq6ILahyj;20OFwXhEXf12DzwXmaV7fj;34K7nU8EWQIRI93RfqhdRJ;78Az0Z1vNJgqv9QSB0ULLV;1GTPRD8z9c7kVDqwGbn52f;7Ld1YDk8O9SYWPiz2tdo3o;5rDkA2TFOImbiVenmnE9r4;0.96;0.953312337398529;0.953312337398529;0.8995860815048218;0.7264620065689087;0.7118335366249084;0.7093092799186707;0.7078286409378052;0.706055223941803;0.7052595019340515;0.6991873383522034;0.6987373232841492;0.6985337734222412;0.6958000063896179;0.6944336295127869;0.6938899755477905;0.6923506259918213;0.6923165917396545;0.6912647485733032;0.6891578435897827;0.6869600415229797;0.6861754059791565;0.6861754059791565;0.6861340999603271;0.6813320517539978;0.6813320517539978;0.6766384840011597;0.6731925010681152;0.6731925010681152;0.6711195111274719;0.6644094586372375;0.6618303060531616;0.6585191488265991;0.6442129015922546;0.6388686299324036;0.6388686299324036;0.6338373422622681;0.5678346753120422;0.5678346753120422;0;1.0;25.0;29.0;Best Matches (2024/11/30);0
18ESXa5mEm1V4Pkt5GSXWx;['7HLvzuM9p11k9lUQfSM4Rq'];5TNhjanmvwvmjCz2WYwSAv;7ACxUo21jtTHzy7ZEV56vU;5QTxFnGygVM4jFQiBovmRo;2AwrViURxCTIiEeaRu0uDb;2374M0fQpWi3dLnB54qaLX;6NwbeybX6TDtXlpXvnUOZC;3YZa4IzxK2UtEKTvdTgsi8;7Dm3dV3WPNdTgxoNY7YFnc;3LTMnFa0hhwisyq6ILahyj;7aDotQpUKpGFrOsrfQAxNc;34K7nU8EWQIRI93RfqhdRJ;78Az0Z1vNJgqv9QSB0ULLV;20OFwXhEXf12DzwXmaV7fj;6nTiIhLmQ3FWhvrGafw2zj;1QzFhzIOW7CyRJLpmq5CM0;5W3cjX2J3tjhG8zb6u0qHn;4y1LsJpmMti1PfRQV9AWWe;5AJrhrwz4oSZX2PwwV4qrN;20I8RduZC2PWMWTDCZuuAN;4E4Gxykl5nYMSIwlIVzjGr;39LLxExYz6ewLAcYrzQQyP;5jkFvD4UJrmdoezzT1FRoP;1r8oPEXqnhUVgkUkJNqEuF;3ixTiPABjqkBKPocxq6oIe;4lB8SqU4KfzB0QjfEIAssb;2OErSh4oVVAUll0vHxdr6p;0WQiDwKJclirSYG9v5tayI;7zACUQbWQxzT4aER7ityBV;5vmRQ3zELMLUQPo2FLQ76x;6g1NlCpW7fgqDnWbCCDrHl;0JhKJg5ejeQ8jq89UQtnw8;1GTPRD8z9c7kVDqwGbn52f;25SJaCCPiosugnlY53VhRG;1EW3j7tz6kkOE4dIumzc1p;2Khm1TiPetapBlVoy5e5hS;5VTYoFVZ8yQutwMTjP9MiF;5rDkA2TFOImbiVenmnE9r4;7Ld1YDk8O9SYWPiz2tdo3o;5LBTfYRqAadXE8DW7gzSPu;0.96;0.9472075700759888;0.9391827583312988;0.9172791242599487;0.9171674251556396;0.9070228338241577;0.8929820656776428;0.8783477544784546;0.8672922253608704;0.8349732160568237;0.8308171033859253;0.8308171033859253;0.8281691074371338;0.8218416571617126;0.8179156184196472;0.8082695007324219;0.8040041327476501;0.798233687877655;0.7931824922561646;0.7784254550933838;0.7756480574607849;0.7736859917640686;0.7720497250556946;0.7679401636123657;0.7679401636123657;0.7643823623657227;0.7643823623657227;0.7602872848510742;0.7467108964920044;0.7385686039924622;0.7385686039924622;0.7377219200134277;0.7278580069541931;0.7208057045936584;0.7009357810020447;0.7009357810020447;0.6930612325668335;0.6930612325668335;0.6618315577507019;0;1.0;61.0;56.0;Best Matches (2024/11/30);0
1eGgMQyOubLxfZjbROuAR4;['6LqNN22kT3074XbTVUrhzX'];7zACUQbWQxzT4aER7ityBV;0JhKJg5ejeQ8jq89UQtnw8;6g1NlCpW7fgqDnWbCCDrHl;39LLxExYz6ewLAcYrzQQyP;4y1LsJpmMti1PfRQV9AWWe;1QzFhzIOW7CyRJLpmq5CM0;5jkFvD4UJrmdoezzT1FRoP;20I8RduZC2PWMWTDCZuuAN;7Dm3dV3WPNdTgxoNY7YFnc;5AJrhrwz4oSZX2PwwV4qrN;3YZa4IzxK2UtEKTvdTgsi8;5vmRQ3zELMLUQPo2FLQ76x;2AwrViURxCTIiEeaRu0uDb;5QTxFnGygVM4jFQiBovmRo;5W3cjX2J3tjhG8zb6u0qHn;6nTiIhLmQ3FWhvrGafw2zj;5TNhjanmvwvmjCz2WYwSAv;4lB8SqU4KfzB0QjfEIAssb;3ixTiPABjqkBKPocxq6oIe;1EW3j7tz6kkOE4dIumzc1p;7aDotQpUKpGFrOsrfQAxNc;2374M0fQpWi3dLnB54qaLX;7ACxUo21jtTHzy7ZEV56vU;20OFwXhEXf12DzwXmaV7fj;4E4Gxykl5nYMSIwlIVzjGr;5LBTfYRqAadXE8DW7gzSPu;78Az0Z1vNJgqv9QSB0ULLV;34K7nU8EWQIRI93RfqhdRJ;3LTMnFa0hhwisyq6ILahyj;0WQiDwKJclirSYG9v5tayI;2OErSh4oVVAUll0vHxdr6p;1r8oPEXqnhUVgkUkJNqEuF;6NwbeybX6TDtXlpXvnUOZC;1GTPRD8z9c7kVDqwGbn52f;25SJaCCPiosugnlY53VhRG;2Khm1TiPetapBlVoy5e5hS;5VTYoFVZ8yQutwMTjP9MiF;5rDkA2TFOImbiVenmnE9r4;7Ld1YDk8O9SYWPiz2tdo3o;0.96;0.9233027696609497;0.9233027696609497;0.820857584476471;0.8177704811096191;0.807510256767273;0.8018425703048706;0.7709156274795532;0.7637699246406555;0.754851758480072;0.7520925402641296;0.7492504119873047;0.7432069778442383;0.7419751882553101;0.7388792037963867;0.7366024255752563;0.7365516424179077;0.7353358268737793;0.7353358268737793;0.7269665598869324;0.7261890769004822;0.7252411842346191;0.7215125560760498;0.7211500406265259;0.7173872590065002;0.7170910239219666;0.7169424891471863;0.7169424891471863;0.7075049877166748;0.7068208456039429;0.7068208456039429;0.7059218883514404;0.697140634059906;0.6676329374313354;0.6654329895973206;0.6630420684814453;0.6630420684814453;0.6365669965744019;0.6365669965744019;0;1.0;0.0;81.0;Best Matches (2024/11/30);0
6Ca3uEAuun3HusTUiIXKs1;['0Ak6DLKHtpR6TEEnmcorKA'];20I8RduZC2PWMWTDCZuuAN;78Az0Z1vNJgqv9QSB0ULLV;34K7nU8EWQIRI93RfqhdRJ;5QTxFnGygVM4jFQiBovmRo;7Dm3dV3WPNdTgxoNY7YFnc;1r8oPEXqnhUVgkUkJNqEuF;7ACxUo21jtTHzy7ZEV56vU;4E4Gxykl5nYMSIwlIVzjGr;6nTiIhLmQ3FWhvrGafw2zj;3YZa4IzxK2UtEKTvdTgsi8;5AJrhrwz4oSZX2PwwV4qrN;2AwrViURxCTIiEeaRu0uDb;4lB8SqU4KfzB0QjfEIAssb;3ixTiPABjqkBKPocxq6oIe;1QzFhzIOW7CyRJLpmq5CM0;2OErSh4oVVAUll0vHxdr6p;0WQiDwKJclirSYG9v5tayI;2374M0fQpWi3dLnB54qaLX;4y1LsJpmMti1PfRQV9AWWe;25SJaCCPiosugnlY53VhRG;5TNhjanmvwvmjCz2WYwSAv;3LTMnFa0hhwisyq6ILahyj;20OFwXhEXf12DzwXmaV7fj;6NwbeybX6TDtXlpXvnUOZC;5W3cjX2J3tjhG8zb6u0qHn;5jkFvD4UJrmdoezzT1FRoP;39LLxExYz6ewLAcYrzQQyP;5VTYoFVZ8yQutwMTjP9MiF;2Khm1TiPetapBlVoy5e5hS;7aDotQpUKpGFrOsrfQAxNc;5vmRQ3zELMLUQPo2FLQ76x;7zACUQbWQxzT4aER7ityBV;6g1NlCpW7fgqDnWbCCDrHl;0JhKJg5ejeQ8jq89UQtnw8;5LBTfYRqAadXE8DW7gzSPu;1EW3j7tz6kkOE4dIumzc1p;1GTPRD8z9c7kVDqwGbn52f;7Ld1YDk8O9SYWPiz2tdo3o;5rDkA2TFOImbiVenmnE9r4;0.96;0.846487283706665;0.846487283706665;0.8461220860481262;0.8414556384086609;0.8386055827140808;0.8367489576339722;0.8332173228263855;0.8314683437347412;0.831349790096283;0.8305125832557678;0.8296459317207336;0.81689453125;0.81689453125;0.8138924837112427;0.811776340007782;0.811776340007782;0.811066746711731;0.8065342307090759;0.8043830990791321;0.8018229007720947;0.7949788570404053;0.7925755977630615;0.7767366170883179;0.7748164534568787;0.7742539644241333;0.7670563459396362;0.7624796628952026;0.7624796628952026;0.7586480379104614;0.7487154006958008;0.7455881834030151;0.735995352268219;0.735995352268219;0.7269119620323181;0.7178026437759399;0.7149244546890259;0.6552113890647888;0.6552113890647888;0;1.0;60.0;58.0;Best Matches (2024/11/30);0
359kPqHC7sr0btLvE6baGS;['5tD6FNrK7Hlxlkt4pbAliC'];5LBTfYRqAadXE8DW7gzSPu;1EW3j7tz6kkOE4dIumzc1p;5VTYoFVZ8yQutwMTjP9MiF;2Khm1TiPetapBlVoy5e5hS;7zACUQbWQxzT4aER7ityBV;5jkFvD4UJrmdoezzT1FRoP;1QzFhzIOW7CyRJLpmq5CM0;39LLxExYz6ewLAcYrzQQyP;7Dm3dV3WPNdTgxoNY7YFnc;6g1NlCpW7fgqDnWbCCDrHl;0JhKJg5ejeQ8jq89UQtnw8;4y1LsJpmMti1PfRQV9AWWe;5W3cjX2J3tjhG8zb6u0qHn;5TNhjanmvwvmjCz2WYwSAv;20I8RduZC2PWMWTDCZuuAN;6nTiIhLmQ3FWhvrGafw2zj;3YZa4IzxK2UtEKTvdTgsi8;4lB8SqU4KfzB0QjfEIAssb;3ixTiPABjqkBKPocxq6oIe;5AJrhrwz4oSZX2PwwV4qrN;7aDotQpUKpGFrOsrfQAxNc;2AwrViURxCTIiEeaRu0uDb;6NwbeybX6TDtXlpXvnUOZC;5QTxFnGygVM4jFQiBovmRo;2374M0fQpWi3dLnB54qaLX;2OErSh4oVVAUll0vHxdr6p;0WQiDwKJclirSYG9v5tayI;5vmRQ3zELMLUQPo2FLQ76x;4E4Gxykl5nYMSIwlIVzjGr;7ACxUo21jtTHzy7ZEV56vU;3LTMnFa0hhwisyq6ILahyj;1r8oPEXqnhUVgkUkJNqEuF;20OFwXhEXf12DzwXmaV7fj;34K7nU8EWQIRI93RfqhdRJ;78Az0Z1vNJgqv9QSB0ULLV;1GTPRD8z9c7kVDqwGbn52f;25SJaCCPiosugnlY53VhRG;5rDkA2TFOImbiVenmnE9r4;7Ld1YDk8O9SYWPiz2tdo3o;0.96;0.9327596426010132;0.8428728580474854;0.8428728580474854;0.7360650897026062;0.7092726826667786;0.701993465423584;0.6987147331237793;0.6970762610435486;0.6940538883209229;0.6940538883209229;0.692902684211731;0.6823906302452087;0.6804541945457458;0.6794377565383911;0.6751282811164856;0.6734043955802917;0.6705822944641113;0.6705822944641113;0.6704376935958862;0.6690107583999634;0.6684032082557678;0.6629461646080017;0.6613641977310181;0.6593904495239258;0.649485170841217;0.649485170841217;0.6478215456008911;0.6439383625984192;0.638096809387207;0.636336088180542;0.636330783367157;0.6296048164367676;0.6291413903236389;0.6291413903236389;0.618743360042572;0.5953317284584045;0.5675877928733826;0.5675877928733826;0;1.0;20.0;22.0;Best Matches (2024/11/30);0
0bGImSqDB2ebdeoCidUC8o;['2qnpHrOzdmOo1S4ox3j17x'];7aDotQpUKpGFrOsrfQAxNc;6nTiIhLmQ3FWhvrGafw2zj;5QTxFnGygVM4jFQiBovmRo;5TNhjanmvwvmjCz2WYwSAv;6NwbeybX6TDtXlpXvnUOZC;7ACxUo21jtTHzy7ZEV56vU;2AwrViURxCTIiEeaRu0uDb;1GTPRD8z9c7kVDqwGbn52f;39LLxExYz6ewLAcYrzQQyP;7Dm3dV3WPNdTgxoNY7YFnc;3YZa4IzxK2UtEKTvdTgsi8;2374M0fQpWi3dLnB54qaLX;0WQiDwKJclirSYG9v5tayI;2OErSh4oVVAUll0vHxdr6p;1r8oPEXqnhUVgkUkJNqEuF;4y1LsJpmMti1PfRQV9AWWe;5jkFvD4UJrmdoezzT1FRoP;3LTMnFa0hhwisyq6ILahyj;5AJrhrwz4oSZX2PwwV4qrN;5W3cjX2J3tjhG8zb6u0qHn;1QzFhzIOW7CyRJLpmq5CM0;20I8RduZC2PWMWTDCZuuAN;3ixTiPABjqkBKPocxq6oIe;4lB8SqU4KfzB0QjfEIAssb;4E4Gxykl5nYMSIwlIVzjGr;78Az0Z1vNJgqv9QSB0ULLV;34K7nU8EWQIRI93RfqhdRJ;7zACUQbWQxzT4aER7ityBV;5vmRQ3zELMLUQPo2FLQ76x;20OFwXhEXf12DzwXmaV7fj;0JhKJg5ejeQ8jq89UQtnw8;6g1NlCpW7fgqDnWbCCDrHl;2Khm1TiPetapBlVoy5e5hS;5VTYoFVZ8yQutwMTjP9MiF;1EW3j7tz6kkOE4dIumzc1p;25SJaCCPiosugnlY53VhRG;5LBTfYRqAadXE8DW7gzSPu;5rDkA2TFOImbiVenmnE9r4;7Ld1YDk8O9SYWPiz2tdo3o;0.95;0.8333945870399475;0.8229830265045166;0.8084956407546997;0.8064947128295898;0.788691520690918;0.7830069065093994;0.7792851328849792;0.7787994742393494;0.7744005918502808;0.7618433833122253;0.7614147663116455;0.7548359036445618;0.7548359036445618;0.7547776103019714;0.7467469573020935;0.7303506135940552;0.729243278503418;0.7269350290298462;0.7245104908943176;0.7219111919403076;0.7176018357276917;0.7111899852752686;0.7111899852752686;0.7053931355476379;0.7050324082374573;0.7050324082374573;0.7027968168258667;0.6987857818603516;0.6931418180465698;0.6912744045257568;0.6912744045257568;0.6856420040130615;0.6856420040130615;0.6553714871406555;0.6445215940475464;0.6398781538009644;0.6158729195594788;0.6158729195594788;0;1.0;57.0;59.0;Best Matches (2024/11/30);0
1vkrr7SqVAM9S31CzQfa1P;['1Cs0zKBU1kc0i8ypK3B9ai', '0xliTEbFfy5HQHvsTknTkX', '4npEfmQ6YuiwW1GpUmaq3F'];0JhKJg5ejeQ8jq89UQtnw8;6g1NlCpW7fgqDnWbCCDrHl;7zACUQbWQxzT4aER7ityBV;39LLxExYz6ewLAcYrzQQyP;4y1LsJpmMti1PfRQV9AWWe;5jkFvD4UJrmdoezzT1FRoP;1QzFhzIOW7CyRJLpmq5CM0;5QTxFnGygVM4jFQiBovmRo;5W3cjX2J3tjhG8zb6u0qHn;5vmRQ3zELMLUQPo2FLQ76x;3YZa4IzxK2UtEKTvdTgsi8;7Dm3dV3WPNdTgxoNY7YFnc;2AwrViURxCTIiEeaRu0uDb;5AJrhrwz4oSZX2PwwV4qrN;20I8RduZC2PWMWTDCZuuAN;6nTiIhLmQ3FWhvrGafw2zj;7ACxUo21jtTHzy7ZEV56vU;5TNhjanmvwvmjCz2WYwSAv;2374M0fQpWi3dLnB54qaLX;7aDotQpUKpGFrOsrfQAxNc;1EW3j7tz6kkOE4dIumzc1p;3ixTiPABjqkBKPocxq6oIe;4lB8SqU4KfzB0QjfEIAssb;20OFwXhEXf12DzwXmaV7fj;6NwbeybX6TDtXlpXvnUOZC;78Az0Z1vNJgqv9QSB0ULLV;34K7nU8EWQIRI93RfqhdRJ;3LTMnFa0hhwisyq6ILahyj;4E4Gxykl5nYMSIwlIVzjGr;2OErSh4oVVAUll0vHxdr6p;0WQiDwKJclirSYG9v5tayI;1r8oPEXqnhUVgkUkJNqEuF;5LBTfYRqAadXE8DW7gzSPu;25SJaCCPiosugnlY53VhRG;1GTPRD8z9c7kVDqwGbn52f;2Khm1TiPetapBlVoy5e5hS;5VTYoFVZ8yQutwMTjP9MiF;7Ld1YDk8O9SYWPiz2tdo3o;5rDkA2TFOImbiVenmnE9r4;0.95;0.9509048461914062;0.8719363808631897;0.7934011816978455;0.7780106663703918;0.7682570219039917;0.7596869468688965;0.7575296759605408;0.7504719495773315;0.7477142810821533;0.746492326259613;0.7439342737197876;0.7422831058502197;0.734912633895874;0.7288233637809753;0.7278729677200317;0.7262271642684937;0.7208276987075806;0.7125955820083618;0.7064933776855469;0.7035547494888306;0.7024471163749695;0.7024471163749695;0.6989971995353699;0.6976029276847839;0.6927320957183838;0.6927320957183838;0.6915457248687744;0.6870691180229187;0.6820464730262756;0.6820464730262756;0.6796864867210388;0.6784857511520386;0.6663938760757446;0.6603859066963196;0.6512312293052673;0.6512312293052673;0.6215575337409973;0.6215575337409973;0;1.0;47.0;90.0;Best Matches (2024/11/30);0
1eSNEJ79X1IFlQ9W8mq3Aj;['2qnpHrOzdmOo1S4ox3j17x', '65dGLGjkw3UbddUg2GKQoZ'];7aDotQpUKpGFrOsrfQAxNc;6nTiIhLmQ3FWhvrGafw2zj;5QTxFnGygVM4jFQiBovmRo;5TNhjanmvwvmjCz2WYwSAv;6NwbeybX6TDtXlpXvnUOZC;7ACxUo21jtTHzy7ZEV56vU;2AwrViURxCTIiEeaRu0uDb;1GTPRD8z9c7kVDqwGbn52f;39LLxExYz6ewLAcYrzQQyP;7Dm3dV3WPNdTgxoNY7YFnc;3YZa4IzxK2UtEKTvdTgsi8;2374M0fQpWi3dLnB54qaLX;0WQiDwKJclirSYG9v5tayI;2OErSh4oVVAUll0vHxdr6p;1r8oPEXqnhUVgkUkJNqEuF;4y1LsJpmMti1PfRQV9AWWe;5jkFvD4UJrmdoezzT1FRoP;3LTMnFa0hhwisyq6ILahyj;5AJrhrwz4oSZX2PwwV4qrN;5W3cjX2J3tjhG8zb6u0qHn;1QzFhzIOW7CyRJLpmq5CM0;20I8RduZC2PWMWTDCZuuAN;3ixTiPABjqkBKPocxq6oIe;4lB8SqU4KfzB0QjfEIAssb;4E4Gxykl5nYMSIwlIVzjGr;78Az0Z1vNJgqv9QSB0ULLV;34K7nU8EWQIRI93RfqhdRJ;7zACUQbWQxzT4aER7ityBV;5vmRQ3zELMLUQPo2FLQ76x;20OFwXhEXf12DzwXmaV7fj;0JhKJg5ejeQ8jq89UQtnw8;6g1NlCpW7fgqDnWbCCDrHl;2Khm1TiPetapBlVoy5e5hS;5VTYoFVZ8yQutwMTjP9MiF;1EW3j7tz6kkOE4dIumzc1p;25SJaCCPiosugnlY53VhRG;5LBTfYRqAadXE8DW7gzSPu;5rDkA2TFOImbiVenmnE9r4;7Ld1YDk8O9SYWPiz2tdo3o;0.95;0.8333945870399475;0.8229830265045166;0.8084956407546997;0.8064947128295898;0.788691520690918;0.7830069065093994;0.7792851328849792;0.7787994742393494;0.7744005918502808;0.7618433833122253;0.7614147663116455;0.7548359036445618;0.7548359036445618;0.7547776103019714;0.7467469573020935;0.7303506135940552;0.729243278503418;0.7269350290298462;0.7245104908943176;0.7219111919403076;0.7176018357276917;0.7111899852752686;0.7111899852752686;0.7053931355476379;0.7050324082374573;0.7050324082374573;0.7027968168258667;0.6987857818603516;0.6931418180465698;0.6912744045257568;0.6912744045257568;0.6856420040130615;0.6856420040130615;0.6553714871406555;0.6445215940475464;0.6398781538009644;0.6158729195594788;0.6158729195594788;0;1.0;39.0;59.0;Best Matches (2024/11/30);0
7H48pPpge66b3t83Iq1zzs;['5Q30fhTc0Sl0Q4C5dOjhhQ', '5N3YDBGT2gUzXgLDTwPRi5'];2Khm1TiPetapBlVoy5e5hS;5VTYoFVZ8yQutwMTjP9MiF;1EW3j7tz6kkOE4dIumzc1p;5LBTfYRqAadXE8DW7gzSPu;1QzFhzIOW7CyRJLpmq5CM0;5jkFvD4UJrmdoezzT1FRoP;7zACUQbWQxzT4aER7ityBV;39LLxExYz6ewLAcYrzQQyP;5TNhjanmvwvmjCz2WYwSAv;3YZa4IzxK2UtEKTvdTgsi8;2AwrViURxCTIiEeaRu0uDb;6NwbeybX6TDtXlpXvnUOZC;7Dm3dV3WPNdTgxoNY7YFnc;5AJrhrwz4oSZX2PwwV4qrN;20I8RduZC2PWMWTDCZuuAN;5QTxFnGygVM4jFQiBovmRo;6nTiIhLmQ3FWhvrGafw2zj;6g1NlCpW7fgqDnWbCCDrHl;0JhKJg5ejeQ8jq89UQtnw8;5vmRQ3zELMLUQPo2FLQ76x;4y1LsJpmMti1PfRQV9AWWe;7aDotQpUKpGFrOsrfQAxNc;7ACxUo21jtTHzy7ZEV56vU;2374M0fQpWi3dLnB54qaLX;3ixTiPABjqkBKPocxq6oIe;4lB8SqU4KfzB0QjfEIAssb;3LTMnFa0hhwisyq6ILahyj;4E4Gxykl5nYMSIwlIVzjGr;5W3cjX2J3tjhG8zb6u0qHn;0WQiDwKJclirSYG9v5tayI;2OErSh4oVVAUll0vHxdr6p;34K7nU8EWQIRI93RfqhdRJ;78Az0Z1vNJgqv9QSB0ULLV;20OFwXhEXf12DzwXmaV7fj;1r8oPEXqnhUVgkUkJNqEuF;1GTPRD8z9c7kVDqwGbn52f;25SJaCCPiosugnlY53VhRG;7Ld1YDk8O9SYWPiz2tdo3o;5rDkA2TFOImbiVenmnE9r4;0.94;0.9402095675468445;0.8593453168869019;0.8279665112495422;0.7319031953811646;0.7161203026771545;0.7096125483512878;0.707135021686554;0.7045689821243286;0.7028308510780334;0.7020471692085266;0.7003854513168335;0.6997058391571045;0.697259247303009;0.68739914894104;0.6827386021614075;0.6798284649848938;0.6785179972648621;0.6785179972648621;0.6771560311317444;0.6766732335090637;0.6747275590896606;0.6674289703369141;0.6667699813842773;0.6626684069633484;0.6626684069633484;0.6561630964279175;0.655588686466217;0.6534287929534912;0.6478962302207947;0.6478962302207947;0.6420459747314453;0.6420459747314453;0.6384236216545105;0.6373670697212219;0.617215633392334;0.6019828915596008;0.5610892176628113;0.5610892176628113;0;1.0;0.0;64.0;Best Matches (2024/11/30);0
4wvZvyfGCUtFnzsupmwWwE;['0Wn7tfH4rhaWTn8aMqSgh6'];5LBTfYRqAadXE8DW7gzSPu;2Khm1TiPetapBlVoy5e5hS;5VTYoFVZ8yQutwMTjP9MiF;1EW3j7tz6kkOE4dIumzc1p;4E4Gxykl5nYMSIwlIVzjGr;20I8RduZC2PWMWTDCZuuAN;25SJaCCPiosugnlY53VhRG;7zACUQbWQxzT4aER7ityBV;39LLxExYz6ewLAcYrzQQyP;5jkFvD4UJrmdoezzT1FRoP;1QzFhzIOW7CyRJLpmq5CM0;4y1LsJpmMti1PfRQV9AWWe;6nTiIhLmQ3FWhvrGafw2zj;7Dm3dV3WPNdTgxoNY7YFnc;1r8oPEXqnhUVgkUkJNqEuF;6g1NlCpW7fgqDnWbCCDrHl;0JhKJg5ejeQ8jq89UQtnw8;7aDotQpUKpGFrOsrfQAxNc;3YZa4IzxK2UtEKTvdTgsi8;5QTxFnGygVM4jFQiBovmRo;5TNhjanmvwvmjCz2WYwSAv;5AJrhrwz4oSZX2PwwV4qrN;2AwrViURxCTIiEeaRu0uDb;3LTMnFa0hhwisyq6ILahyj;2OErSh4oVVAUll0vHxdr6p;0WQiDwKJclirSYG9v5tayI;3ixTiPABjqkBKPocxq6oIe;4lB8SqU4KfzB0QjfEIAssb;2374M0fQpWi3dLnB54qaLX;5vmRQ3zELMLUQPo2FLQ76x;5W3cjX2J3tjhG8zb6u0qHn;7ACxUo21jtTHzy7ZEV56vU;34K7nU8EWQIRI93RfqhdRJ;78Az0Z1vNJgqv9QSB0ULLV;20OFwXhEXf12DzwXmaV7fj;6NwbeybX6TDtXlpXvnUOZC;1GTPRD8z9c7kVDqwGbn52f;5rDkA2TFOImbiVenmnE9r4;7Ld1YDk8O9SYWPiz2tdo3o;0.94;0.9065274000167847;0.9065274000167847;0.8342570066452026;0.7842446565628052;0.7501927614212036;0.7437402606010437;0.7427852749824524;0.738917887210846;0.7350175976753235;0.7328546047210693;0.7270857691764832;0.7254617810249329;0.7224372029304504;0.7158021926879883;0.7081245183944702;0.7081245183944702;0.7014036774635315;0.6980904340744019;0.698069155216217;0.6924959421157837;0.6901687979698181;0.6899903416633606;0.6885850429534912;0.6857734322547913;0.6857734322547913;0.6844849586486816;0.6844849586486816;0.6838808655738831;0.68241947889328;0.6725310683250427;0.6640110015869141;0.6608218550682068;0.6608218550682068;0.6582642197608948;0.6546639800071716;0.6503854990005493;0.592978835105896;0.592978835105896;0;1.0;0.0;50.0;Best Matches (2024/11/30);0
7BRD7x5pt8Lqa1eGYC4dzj;['6qqNVTkY8uBg9cP3Jd7DAH'];7zACUQbWQxzT4aER7ityBV;1QzFhzIOW7CyRJLpmq5CM0;3YZa4IzxK2UtEKTvdTgsi8;6g1NlCpW7fgqDnWbCCDrHl;0JhKJg5ejeQ8jq89UQtnw8;5jkFvD4UJrmdoezzT1FRoP;39LLxExYz6ewLAcYrzQQyP;7Dm3dV3WPNdTgxoNY7YFnc;5TNhjanmvwvmjCz2WYwSAv;5QTxFnGygVM4jFQiBovmRo;3LTMnFa0hhwisyq6ILahyj;4y1LsJpmMti1PfRQV9AWWe;2AwrViURxCTIiEeaRu0uDb;2374M0fQpWi3dLnB54qaLX;6nTiIhLmQ3FWhvrGafw2zj;4E4Gxykl5nYMSIwlIVzjGr;20OFwXhEXf12DzwXmaV7fj;5W3cjX2J3tjhG8zb6u0qHn;7ACxUo21jtTHzy7ZEV56vU;20I8RduZC2PWMWTDCZuuAN;78Az0Z1vNJgqv9QSB0ULLV;34K7nU8EWQIRI93RfqhdRJ;4lB8SqU4KfzB0QjfEIAssb;3ixTiPABjqkBKPocxq6oIe;7aDotQpUKpGFrOsrfQAxNc;5AJrhrwz4oSZX2PwwV4qrN;5vmRQ3zELMLUQPo2FLQ76x;6NwbeybX6TDtXlpXvnUOZC;1EW3j7tz6kkOE4dIumzc1p;5LBTfYRqAadXE8DW7gzSPu;2OErSh4oVVAUll0vHxdr6p;0WQiDwKJclirSYG9v5tayI;1r8oPEXqnhUVgkUkJNqEuF;2Khm1TiPetapBlVoy5e5hS;5VTYoFVZ8yQutwMTjP9MiF;25SJaCCPiosugnlY53VhRG;1GTPRD8z9c7kVDqwGbn52f;7Ld1YDk8O9SYWPiz2tdo3o;5rDkA2TFOImbiVenmnE9r4;0.93;0.8408256769180298;0.8080502152442932;0.8065001964569092;0.8065001964569092;0.7965778708457947;0.7953953146934509;0.7937012314796448;0.7920747995376587;0.7837520241737366;0.7834007740020752;0.7824209332466125;0.7777190208435059;0.7722084522247314;0.7718238234519958;0.7645753026008606;0.764331579208374;0.7601536512374878;0.7579106688499451;0.7569579482078552;0.7549997568130493;0.7549997568130493;0.7543631792068481;0.7543631792068481;0.7523341774940491;0.7487695813179016;0.7463532090187073;0.7410451173782349;0.7368707656860352;0.7204050421714783;0.7199283838272095;0.7199283838272095;0.7093742489814758;0.702120840549469;0.702120840549469;0.7018972635269165;0.6865513324737549;0.6711815595626831;0.6711815595626831;0;1.0;88.0;96.0;Best Matches (2024/11/30);0
72RC6Kw32QfJi6RzlDKNxs;['6V70yeZQCoSR2M3fyW8qiA'];4E4Gxykl5nYMSIwlIVzjGr;1GTPRD8z9c7kVDqwGbn52f;1r8oPEXqnhUVgkUkJNqEuF;20I8RduZC2PWMWTDCZuuAN;7Dm3dV3WPNdTgxoNY7YFnc;6nTiIhLmQ3FWhvrGafw2zj;0WQiDwKJclirSYG9v5tayI;2OErSh4oVVAUll0vHxdr6p;25SJaCCPiosugnlY53VhRG;5QTxFnGygVM4jFQiBovmRo;3YZa4IzxK2UtEKTvdTgsi8;4y1LsJpmMti1PfRQV9AWWe;7ACxUo21jtTHzy7ZEV56vU;78Az0Z1vNJgqv9QSB0ULLV;34K7nU8EWQIRI93RfqhdRJ;2AwrViURxCTIiEeaRu0uDb;2374M0fQpWi3dLnB54qaLX;20OFwXhEXf12DzwXmaV7fj;4lB8SqU4KfzB0QjfEIAssb;3ixTiPABjqkBKPocxq6oIe;5TNhjanmvwvmjCz2WYwSAv;1QzFhzIOW7CyRJLpmq5CM0;3LTMnFa0hhwisyq6ILahyj;7aDotQpUKpGFrOsrfQAxNc;5AJrhrwz4oSZX2PwwV4qrN;5W3cjX2J3tjhG8zb6u0qHn;5jkFvD4UJrmdoezzT1FRoP;6NwbeybX6TDtXlpXvnUOZC;39LLxExYz6ewLAcYrzQQyP;5vmRQ3zELMLUQPo2FLQ76x;2Khm1TiPetapBlVoy5e5hS;5VTYoFVZ8yQutwMTjP9MiF;7zACUQbWQxzT4aER7ityBV;6g1NlCpW7fgqDnWbCCDrHl;0JhKJg5ejeQ8jq89UQtnw8;5LBTfYRqAadXE8DW7gzSPu;1EW3j7tz6kkOE4dIumzc1p;7Ld1YDk8O9SYWPiz2tdo3o;5rDkA2TFOImbiVenmnE9r4;0.93;0.8383630514144897;0.7873965501785278;0.7763303518295288;0.7715853452682495;0.7710800170898438;0.7680724859237671;0.7680724859237671;0.7659855484962463;0.7622817754745483;0.7609685063362122;0.7577061653137207;0.75013667345047;0.749982476234436;0.749982476234436;0.7475880980491638;0.7459362149238586;0.7381368279457092;0.7364707589149475;0.7364707589149475;0.7358695268630981;0.7350955605506897;0.7344702482223511;0.7311903238296509;0.7280329465866089;0.7209560871124268;0.7142397165298462;0.7006497383117676;0.6949169635772705;0.6923819780349731;0.6824141144752502;0.6824141144752502;0.6793736815452576;0.6741964221000671;0.6741964221000671;0.6692701578140259;0.6419261693954468;0.6364001631736755;0.6364001631736755;0;1.0;62.0;60.0;Best Matches (2024/11/30);0
661JMZW19USgqwNeQlmHhu;['47wB3vlOd130dM3k5fADQw'];5LBTfYRqAadXE8DW7gzSPu;5VTYoFVZ8yQutwMTjP9MiF;2Khm1TiPetapBlVoy5e5hS;1EW3j7tz6kkOE4dIumzc1p;4E4Gxykl5nYMSIwlIVzjGr;20I8RduZC2PWMWTDCZuuAN;25SJaCCPiosugnlY53VhRG;39LLxExYz6ewLAcYrzQQyP;7zACUQbWQxzT4aER7ityBV;5jkFvD4UJrmdoezzT1FRoP;5AJrhrwz4oSZX2PwwV4qrN;1QzFhzIOW7CyRJLpmq5CM0;7Dm3dV3WPNdTgxoNY7YFnc;6nTiIhLmQ3FWhvrGafw2zj;1r8oPEXqnhUVgkUkJNqEuF;4y1LsJpmMti1PfRQV9AWWe;7aDotQpUKpGFrOsrfQAxNc;0JhKJg5ejeQ8jq89UQtnw8;6g1NlCpW7fgqDnWbCCDrHl;5QTxFnGygVM4jFQiBovmRo;3YZa4IzxK2UtEKTvdTgsi8;2AwrViURxCTIiEeaRu0uDb;5TNhjanmvwvmjCz2WYwSAv;2374M0fQpWi3dLnB54qaLX;20OFwXhEXf12DzwXmaV7fj;5vmRQ3zELMLUQPo2FLQ76x;3LTMnFa0hhwisyq6ILahyj;7ACxUo21jtTHzy7ZEV56vU;6NwbeybX6TDtXlpXvnUOZC;2OErSh4oVVAUll0vHxdr6p;0WQiDwKJclirSYG9v5tayI;5W3cjX2J3tjhG8zb6u0qHn;4lB8SqU4KfzB0QjfEIAssb;3ixTiPABjqkBKPocxq6oIe;1GTPRD8z9c7kVDqwGbn52f;34K7nU8EWQIRI93RfqhdRJ;78Az0Z1vNJgqv9QSB0ULLV;5rDkA2TFOImbiVenmnE9r4;7Ld1YDk8O9SYWPiz2tdo3o;0.93;0.8897922039031982;0.8897922039031982;0.8227965831756592;0.7688424587249756;0.7472686171531677;0.7313889265060425;0.7243719100952148;0.7229281067848206;0.7218148112297058;0.7217363715171814;0.7197741866111755;0.7060702443122864;0.6973004937171936;0.6961076855659485;0.6944915652275085;0.693526566028595;0.6909922361373901;0.6909922361373901;0.6872801184654236;0.6776590943336487;0.6775186061859131;0.674465000629425;0.6647871732711792;0.6632186770439148;0.6631135940551758;0.6614669561386108;0.6546356081962585;0.6533613204956055;0.6512596011161804;0.6512596011161804;0.6466784477233887;0.6459898352622986;0.6459898352622986;0.6402503252029419;0.6347048878669739;0.6347048878669739;0.6008602380752563;0.6008602380752563;0;1.0;2.0;41.0;Best Matches (2024/11/30);0
7Fm3NhbAYHvTQUhboim9FB;['64tNsm6TnZe2zpcMVMOoHL'];7ACxUo21jtTHzy7ZEV56vU;5TNhjanmvwvmjCz2WYwSAv;5QTxFnGygVM4jFQiBovmRo;6NwbeybX6TDtXlpXvnUOZC;2374M0fQpWi3dLnB54qaLX;7Dm3dV3WPNdTgxoNY7YFnc;2AwrViURxCTIiEeaRu0uDb;20I8RduZC2PWMWTDCZuuAN;3YZa4IzxK2UtEKTvdTgsi8;1r8oPEXqnhUVgkUkJNqEuF;6nTiIhLmQ3FWhvrGafw2zj;4y1LsJpmMti1PfRQV9AWWe;7aDotQpUKpGFrOsrfQAxNc;3LTMnFa0hhwisyq6ILahyj;39LLxExYz6ewLAcYrzQQyP;1QzFhzIOW7CyRJLpmq5CM0;20OFwXhEXf12DzwXmaV7fj;5AJrhrwz4oSZX2PwwV4qrN;78Az0Z1vNJgqv9QSB0ULLV;34K7nU8EWQIRI93RfqhdRJ;5W3cjX2J3tjhG8zb6u0qHn;5jkFvD4UJrmdoezzT1FRoP;5vmRQ3zELMLUQPo2FLQ76x;0WQiDwKJclirSYG9v5tayI;2OErSh4oVVAUll0vHxdr6p;4E4Gxykl5nYMSIwlIVzjGr;0JhKJg5ejeQ8jq89UQtnw8;6g1NlCpW7fgqDnWbCCDrHl;3ixTiPABjqkBKPocxq6oIe;4lB8SqU4KfzB0QjfEIAssb;7zACUQbWQxzT4aER7ityBV;2Khm1TiPetapBlVoy5e5hS;5VTYoFVZ8yQutwMTjP9MiF;1EW3j7tz6kkOE4dIumzc1p;25SJaCCPiosugnlY53VhRG;1GTPRD8z9c7kVDqwGbn52f;5LBTfYRqAadXE8DW7gzSPu;7Ld1YDk8O9SYWPiz2tdo3o;5rDkA2TFOImbiVenmnE9r4;0.93;0.9243865013122559;0.9142171144485474;0.8852904438972473;0.875785231590271;0.8625490665435791;0.8566112518310547;0.848711371421814;0.8439544439315796;0.8429026007652283;0.8310007452964783;0.8234333395957947;0.8206796646118164;0.8199952840805054;0.8136309385299683;0.8098840117454529;0.8091455698013306;0.8022975325584412;0.7995621562004089;0.7995621562004089;0.7942227125167847;0.7933874130249023;0.7861049175262451;0.7743493914604187;0.7743493914604187;0.770291268825531;0.7676529884338379;0.7676529884338379;0.7636236548423767;0.7636236548423767;0.7610599994659424;0.7426543831825256;0.7426543831825256;0.7377925515174866;0.7332996129989624;0.698543131351471;0.6871359348297119;0.6759904623031616;0.6759904623031616;0;1.0;63.0;75.0;Best Matches (2024/11/30);0
5qiIxojpo8YTFgOOcDuOaB;['5YFS41yoX0YuFY39fq21oN', '5PTDGbHPxxXf81RrubpIOO', '0TsTesOYlZmHOLnFPLPKLZ', '4LqXqd68BBoEk9RDYeS0ls', '0f5cjky3a6ee9e0WicpzhW'];5W3cjX2J3tjhG8zb6u0qHn;39LLxExYz6ewLAcYrzQQyP;5jkFvD4UJrmdoezzT1FRoP;5QTxFnGygVM4jFQiBovmRo;7zACUQbWQxzT4aER7ityBV;7Dm3dV3WPNdTgxoNY7YFnc;7aDotQpUKpGFrOsrfQAxNc;4y1LsJpmMti1PfRQV9AWWe;2AwrViURxCTIiEeaRu0uDb;0JhKJg5ejeQ8jq89UQtnw8;6g1NlCpW7fgqDnWbCCDrHl;5TNhjanmvwvmjCz2WYwSAv;7ACxUo21jtTHzy7ZEV56vU;3ixTiPABjqkBKPocxq6oIe;4lB8SqU4KfzB0QjfEIAssb;3YZa4IzxK2UtEKTvdTgsi8;6nTiIhLmQ3FWhvrGafw2zj;1QzFhzIOW7CyRJLpmq5CM0;5vmRQ3zELMLUQPo2FLQ76x;1r8oPEXqnhUVgkUkJNqEuF;2374M0fQpWi3dLnB54qaLX;2OErSh4oVVAUll0vHxdr6p;0WQiDwKJclirSYG9v5tayI;20I8RduZC2PWMWTDCZuuAN;20OFwXhEXf12DzwXmaV7fj;6NwbeybX6TDtXlpXvnUOZC;3LTMnFa0hhwisyq6ILahyj;5AJrhrwz4oSZX2PwwV4qrN;78Az0Z1vNJgqv9QSB0ULLV;34K7nU8EWQIRI93RfqhdRJ;1GTPRD8z9c7kVDqwGbn52f;4E4Gxykl5nYMSIwlIVzjGr;25SJaCCPiosugnlY53VhRG;1EW3j7tz6kkOE4dIumzc1p;5LBTfYRqAadXE8DW7gzSPu;5rDkA2TFOImbiVenmnE9r4;7Ld1YDk8O9SYWPiz2tdo3o;5VTYoFVZ8yQutwMTjP9MiF;2Khm1TiPetapBlVoy5e5hS;0.93;0.8183152079582214;0.7951254844665527;0.7557825446128845;0.7506081461906433;0.7461283802986145;0.7459116578102112;0.7429730296134949;0.7417355179786682;0.7385929226875305;0.7385929226875305;0.737123429775238;0.7359051704406738;0.7322784662246704;0.7322784662246704;0.7318843603134155;0.7284249067306519;0.726335346698761;0.7245974540710449;0.7217879891395569;0.7188833951950073;0.7187749743461609;0.7187749743461609;0.7111385464668274;0.706151008605957;0.7030934691429138;0.7020389437675476;0.7005133628845215;0.6910151243209839;0.6910151243209839;0.6895403265953064;0.6858673095703125;0.6819194555282593;0.6772146224975586;0.6658572554588318;0.6500661969184875;0.6500661969184875;0.6224650144577026;0.6224650144577026;0;1.0;70.0;73.0;Best Matches (2024/11/30);0
5T5AS42m32tKpFLfibRSqy;['6DgP9otnZw5z6daOntINxp'];7zACUQbWQxzT4aER7ityBV;6g1NlCpW7fgqDnWbCCDrHl;0JhKJg5ejeQ8jq89UQtnw8;5jkFvD4UJrmdoezzT1FRoP;39LLxExYz6ewLAcYrzQQyP;20I8RduZC2PWMWTDCZuuAN;4y1LsJpmMti1PfRQV9AWWe;5AJrhrwz4oSZX2PwwV4qrN;3ixTiPABjqkBKPocxq6oIe;4lB8SqU4KfzB0QjfEIAssb;1QzFhzIOW7CyRJLpmq5CM0;34K7nU8EWQIRI93RfqhdRJ;78Az0Z1vNJgqv9QSB0ULLV;0WQiDwKJclirSYG9v5tayI;2OErSh4oVVAUll0vHxdr6p;3YZa4IzxK2UtEKTvdTgsi8;7Dm3dV3WPNdTgxoNY7YFnc;1r8oPEXqnhUVgkUkJNqEuF;2AwrViURxCTIiEeaRu0uDb;7ACxUo21jtTHzy7ZEV56vU;5vmRQ3zELMLUQPo2FLQ76x;5QTxFnGygVM4jFQiBovmRo;5TNhjanmvwvmjCz2WYwSAv;5W3cjX2J3tjhG8zb6u0qHn;4E4Gxykl5nYMSIwlIVzjGr;2374M0fQpWi3dLnB54qaLX;6nTiIhLmQ3FWhvrGafw2zj;20OFwXhEXf12DzwXmaV7fj;7aDotQpUKpGFrOsrfQAxNc;3LTMnFa0hhwisyq6ILahyj;1EW3j7tz6kkOE4dIumzc1p;6NwbeybX6TDtXlpXvnUOZC;5LBTfYRqAadXE8DW7gzSPu;25SJaCCPiosugnlY53VhRG;1GTPRD8z9c7kVDqwGbn52f;5VTYoFVZ8yQutwMTjP9MiF;2Khm1TiPetapBlVoy5e5hS;7Ld1YDk8O9SYWPiz2tdo3o;5rDkA2TFOImbiVenmnE9r4;0.93;0.9024218916893005;0.9024218916893005;0.8045819997787476;0.8043994307518005;0.797940731048584;0.7954598069190979;0.7852566242218018;0.7834233641624451;0.7834233641624451;0.7795037031173706;0.7683355212211609;0.7683355212211609;0.7506689429283142;0.7506689429283142;0.7500975728034973;0.7469024658203125;0.7444559931755066;0.7427269220352173;0.7394174337387085;0.7351542115211487;0.7328318357467651;0.7154024839401245;0.7150740623474121;0.7149826884269714;0.7146655321121216;0.7136037945747375;0.706488311290741;0.6982506513595581;0.6923322081565857;0.6915733218193054;0.685209333896637;0.6848565936088562;0.6584845781326294;0.6510312557220459;0.6422756910324097;0.6422756910324097;0.6026121973991394;0.6026121973991394;0;1.0;59.0;72.0;Best Matches (2024/11/30);0
24oDOsC6NhYkgKQUcpLBIm;['1iUTUix5kea176M0uJTsh4'];4E4Gxykl5nYMSIwlIVzjGr;1GTPRD8z9c7kVDqwGbn52f;7Dm3dV3WPNdTgxoNY7YFnc;6nTiIhLmQ3FWhvrGafw2zj;3YZa4IzxK2UtEKTvdTgsi8;4y1LsJpmMti1PfRQV9AWWe;34K7nU8EWQIRI93RfqhdRJ;78Az0Z1vNJgqv9QSB0ULLV;20I8RduZC2PWMWTDCZuuAN;1r8oPEXqnhUVgkUkJNqEuF;2AwrViURxCTIiEeaRu0uDb;2OErSh4oVVAUll0vHxdr6p;0WQiDwKJclirSYG9v5tayI;1QzFhzIOW7CyRJLpmq5CM0;5QTxFnGygVM4jFQiBovmRo;5AJrhrwz4oSZX2PwwV4qrN;20OFwXhEXf12DzwXmaV7fj;2374M0fQpWi3dLnB54qaLX;5TNhjanmvwvmjCz2WYwSAv;4lB8SqU4KfzB0QjfEIAssb;3ixTiPABjqkBKPocxq6oIe;3LTMnFa0hhwisyq6ILahyj;5W3cjX2J3tjhG8zb6u0qHn;25SJaCCPiosugnlY53VhRG;7ACxUo21jtTHzy7ZEV56vU;5jkFvD4UJrmdoezzT1FRoP;7aDotQpUKpGFrOsrfQAxNc;7zACUQbWQxzT4aER7ityBV;2Khm1TiPetapBlVoy5e5hS;5VTYoFVZ8yQutwMTjP9MiF;6NwbeybX6TDtXlpXvnUOZC;39LLxExYz6ewLAcYrzQQyP;5LBTfYRqAadXE8DW7gzSPu;6g1NlCpW7fgqDnWbCCDrHl;0JhKJg5ejeQ8jq89UQtnw8;5vmRQ3zELMLUQPo2FLQ76x;1EW3j7tz6kkOE4dIumzc1p;7Ld1YDk8O9SYWPiz2tdo3o;5rDkA2TFOImbiVenmnE9r4;0.92;0.8283559083938599;0.762270450592041;0.7591538429260254;0.7527979612350464;0.7524545192718506;0.7504492402076721;0.7504492402076721;0.7478293776512146;0.7446452379226685;0.7399165630340576;0.7398808598518372;0.7398808598518372;0.7359521985054016;0.7324102520942688;0.7294532656669617;0.7258440256118774;0.7251743674278259;0.7229442596435547;0.7211421728134155;0.7211421728134155;0.7179296016693115;0.7161105275154114;0.7132105231285095;0.7129738330841064;0.7091683745384216;0.7054424285888672;0.6939104199409485;0.688569188117981;0.688569188117981;0.682592511177063;0.6785483360290527;0.6768607497215271;0.6750567555427551;0.6750567555427551;0.6722792387008667;0.6677485704421997;0.6331628561019897;0.6331628561019897;0;1.0;51.0;55.0;Best Matches (2024/11/30);0
7BdXRaSlGAzhySfuW3y8h5;['6dH5I8Q7HhXu74cBXkP0LD', '2oSO8nxMHKOJKj7v8l0zWh'];7Dm3dV3WPNdTgxoNY7YFnc;2374M0fQpWi3dLnB54qaLX;1QzFhzIOW7CyRJLpmq5CM0;3YZa4IzxK2UtEKTvdTgsi8;2AwrViURxCTIiEeaRu0uDb;4y1LsJpmMti1PfRQV9AWWe;5QTxFnGygVM4jFQiBovmRo;7zACUQbWQxzT4aER7ityBV;6nTiIhLmQ3FWhvrGafw2zj;5TNhjanmvwvmjCz2WYwSAv;3ixTiPABjqkBKPocxq6oIe;4lB8SqU4KfzB0QjfEIAssb;20OFwXhEXf12DzwXmaV7fj;5jkFvD4UJrmdoezzT1FRoP;5W3cjX2J3tjhG8zb6u0qHn;3LTMnFa0hhwisyq6ILahyj;5AJrhrwz4oSZX2PwwV4qrN;20I8RduZC2PWMWTDCZuuAN;34K7nU8EWQIRI93RfqhdRJ;78Az0Z1vNJgqv9QSB0ULLV;7ACxUo21jtTHzy7ZEV56vU;4E4Gxykl5nYMSIwlIVzjGr;1EW3j7tz6kkOE4dIumzc1p;39LLxExYz6ewLAcYrzQQyP;6NwbeybX6TDtXlpXvnUOZC;7aDotQpUKpGFrOsrfQAxNc;0JhKJg5ejeQ8jq89UQtnw8;6g1NlCpW7fgqDnWbCCDrHl;0WQiDwKJclirSYG9v5tayI;2OErSh4oVVAUll0vHxdr6p;1r8oPEXqnhUVgkUkJNqEuF;2Khm1TiPetapBlVoy5e5hS;5VTYoFVZ8yQutwMTjP9MiF;5vmRQ3zELMLUQPo2FLQ76x;1GTPRD8z9c7kVDqwGbn52f;5LBTfYRqAadXE8DW7gzSPu;25SJaCCPiosugnlY53VhRG;5rDkA2TFOImbiVenmnE9r4;7Ld1YDk8O9SYWPiz2tdo3o;0.92;0.8433765769004822;0.8240527510643005;0.8095482587814331;0.8051547408103943;0.7959221601486206;0.7936873435974121;0.7895348072052002;0.7872923612594604;0.7857479453086853;0.7844229936599731;0.7844229936599731;0.7838323712348938;0.7747581005096436;0.7740246057510376;0.7738178372383118;0.7719201445579529;0.7713384032249451;0.7712858319282532;0.7712858319282532;0.7657326459884644;0.7652369141578674;0.7578306198120117;0.7484873533248901;0.7475588321685791;0.7468336224555969;0.7454290390014648;0.7454290390014648;0.7438408136367798;0.7438408136367798;0.7337480187416077;0.72816401720047;0.72816401720047;0.7227904796600342;0.7187948822975159;0.7166463732719421;0.6694191098213196;0.6555160284042358;0.6555160284042358;0;1.0;66.0;54.0;Best Matches (2024/11/30);0
3RsCYC4k3HlyQulMTFwtaW;['7JTVqKJ414qRPuDPhdKnHD'];1EW3j7tz6kkOE4dIumzc1p;5VTYoFVZ8yQutwMTjP9MiF;2Khm1TiPetapBlVoy5e5hS;5LBTfYRqAadXE8DW7gzSPu;1QzFhzIOW7CyRJLpmq5CM0;7Dm3dV3WPNdTgxoNY7YFnc;2AwrViURxCTIiEeaRu0uDb;5jkFvD4UJrmdoezzT1FRoP;3YZa4IzxK2UtEKTvdTgsi8;20I8RduZC2PWMWTDCZuuAN;5TNhjanmvwvmjCz2WYwSAv;7zACUQbWQxzT4aER7ityBV;6nTiIhLmQ3FWhvrGafw2zj;39LLxExYz6ewLAcYrzQQyP;4y1LsJpmMti1PfRQV9AWWe;5QTxFnGygVM4jFQiBovmRo;2374M0fQpWi3dLnB54qaLX;5AJrhrwz4oSZX2PwwV4qrN;5W3cjX2J3tjhG8zb6u0qHn;34K7nU8EWQIRI93RfqhdRJ;78Az0Z1vNJgqv9QSB0ULLV;3LTMnFa0hhwisyq6ILahyj;0JhKJg5ejeQ8jq89UQtnw8;6g1NlCpW7fgqDnWbCCDrHl;7aDotQpUKpGFrOsrfQAxNc;3ixTiPABjqkBKPocxq6oIe;4lB8SqU4KfzB0QjfEIAssb;6NwbeybX6TDtXlpXvnUOZC;4E4Gxykl5nYMSIwlIVzjGr;20OFwXhEXf12DzwXmaV7fj;7ACxUo21jtTHzy7ZEV56vU;2OErSh4oVVAUll0vHxdr6p;0WQiDwKJclirSYG9v5tayI;1r8oPEXqnhUVgkUkJNqEuF;5vmRQ3zELMLUQPo2FLQ76x;1GTPRD8z9c7kVDqwGbn52f;7Ld1YDk8O9SYWPiz2tdo3o;5rDkA2TFOImbiVenmnE9r4;25SJaCCPiosugnlY53VhRG;0.92;0.9105589389801025;0.9105589389801025;0.8762200474739075;0.8056595325469971;0.7887900471687317;0.769088089466095;0.7651378512382507;0.7648561000823975;0.7628545761108398;0.7563576102256775;0.7560492753982544;0.7547519207000732;0.7464898824691772;0.7456321120262146;0.7415221929550171;0.7402364611625671;0.7377879023551941;0.7287045121192932;0.7228693962097168;0.7228693962097168;0.7227815985679626;0.7172637581825256;0.7172637581825256;0.7160800695419312;0.715619683265686;0.715619683265686;0.7156039476394653;0.7149670124053955;0.7134281396865845;0.7123546600341797;0.7007203698158264;0.7007203698158264;0.7004299163818359;0.6800636053085327;0.647835373878479;0.6298204064369202;0.6298204064369202;0.6282047033309937;0;1.0;9.0;57.0;Best Matches (2024/11/30);0
49S3znqBAQyPyMpEuKeyJ6;['4gzpq5DPGxSnKTe4SA8HAU'];4y1LsJpmMti1PfRQV9AWWe;6nTiIhLmQ3FWhvrGafw2zj;3YZa4IzxK2UtEKTvdTgsi8;3ixTiPABjqkBKPocxq6oIe;4lB8SqU4KfzB0QjfEIAssb;2OErSh4oVVAUll0vHxdr6p;0WQiDwKJclirSYG9v5tayI;5QTxFnGygVM4jFQiBovmRo;1QzFhzIOW7CyRJLpmq5CM0;7Dm3dV3WPNdTgxoNY7YFnc;5vmRQ3zELMLUQPo2FLQ76x;2AwrViURxCTIiEeaRu0uDb;3LTMnFa0hhwisyq6ILahyj;5W3cjX2J3tjhG8zb6u0qHn;7zACUQbWQxzT4aER7ityBV;5TNhjanmvwvmjCz2WYwSAv;2374M0fQpWi3dLnB54qaLX;5jkFvD4UJrmdoezzT1FRoP;39LLxExYz6ewLAcYrzQQyP;4E4Gxykl5nYMSIwlIVzjGr;20I8RduZC2PWMWTDCZuuAN;7ACxUo21jtTHzy7ZEV56vU;1r8oPEXqnhUVgkUkJNqEuF;7aDotQpUKpGFrOsrfQAxNc;6g1NlCpW7fgqDnWbCCDrHl;0JhKJg5ejeQ8jq89UQtnw8;34K7nU8EWQIRI93RfqhdRJ;78Az0Z1vNJgqv9QSB0ULLV;5AJrhrwz4oSZX2PwwV4qrN;20OFwXhEXf12DzwXmaV7fj;6NwbeybX6TDtXlpXvnUOZC;1EW3j7tz6kkOE4dIumzc1p;5LBTfYRqAadXE8DW7gzSPu;2Khm1TiPetapBlVoy5e5hS;5VTYoFVZ8yQutwMTjP9MiF;1GTPRD8z9c7kVDqwGbn52f;25SJaCCPiosugnlY53VhRG;7Ld1YDk8O9SYWPiz2tdo3o;5rDkA2TFOImbiVenmnE9r4;0.92;0.9114143252372742;0.8668437004089355;0.8138958811759949;0.8138958811759949;0.8008853793144226;0.8008853793144226;0.7893257141113281;0.777292788028717;0.7771666049957275;0.7743806838989258;0.7686945796012878;0.754426896572113;0.7499247193336487;0.7491860389709473;0.74753737449646;0.7443493604660034;0.733863115310669;0.7329474687576294;0.7290579676628113;0.72878497838974;0.7227272987365723;0.7196317911148071;0.7184329628944397;0.715198278427124;0.715198278427124;0.7121800184249878;0.7121800184249878;0.7047820091247559;0.7041816711425781;0.6996170878410339;0.6941803693771362;0.6924730539321899;0.6824580430984497;0.6824580430984497;0.6660230755805969;0.656339704990387;0.6011402010917664;0.6011402010917664;0;1.0;69.0;91.0;Best Matches (2024/11/30);0
77XBtOgLzi7mdSMFPvJqM9;['58lV9VcRSjABbAbfWS6skp', '6HhV0jtMMK5HYnYgG0xgtz'];2AwrViURxCTIiEeaRu0uDb;3YZa4IzxK2UtEKTvdTgsi8;5TNhjanmvwvmjCz2WYwSAv;7ACxUo21jtTHzy7ZEV56vU;5QTxFnGygVM4jFQiBovmRo;6NwbeybX6TDtXlpXvnUOZC;3LTMnFa0hhwisyq6ILahyj;2374M0fQpWi3dLnB54qaLX;7Dm3dV3WPNdTgxoNY7YFnc;6nTiIhLmQ3FWhvrGafw2zj;1QzFhzIOW7CyRJLpmq5CM0;7aDotQpUKpGFrOsrfQAxNc;20OFwXhEXf12DzwXmaV7fj;5W3cjX2J3tjhG8zb6u0qHn;34K7nU8EWQIRI93RfqhdRJ;78Az0Z1vNJgqv9QSB0ULLV;5AJrhrwz4oSZX2PwwV4qrN;20I8RduZC2PWMWTDCZuuAN;39LLxExYz6ewLAcYrzQQyP;4E4Gxykl5nYMSIwlIVzjGr;5jkFvD4UJrmdoezzT1FRoP;4y1LsJpmMti1PfRQV9AWWe;1r8oPEXqnhUVgkUkJNqEuF;0WQiDwKJclirSYG9v5tayI;2OErSh4oVVAUll0vHxdr6p;7zACUQbWQxzT4aER7ityBV;3ixTiPABjqkBKPocxq6oIe;4lB8SqU4KfzB0QjfEIAssb;1GTPRD8z9c7kVDqwGbn52f;5vmRQ3zELMLUQPo2FLQ76x;6g1NlCpW7fgqDnWbCCDrHl;0JhKJg5ejeQ8jq89UQtnw8;1EW3j7tz6kkOE4dIumzc1p;5VTYoFVZ8yQutwMTjP9MiF;2Khm1TiPetapBlVoy5e5hS;25SJaCCPiosugnlY53VhRG;7Ld1YDk8O9SYWPiz2tdo3o;5rDkA2TFOImbiVenmnE9r4;5LBTfYRqAadXE8DW7gzSPu;0.92;0.9134916067123413;0.9023983478546143;0.9022228121757507;0.8962946534156799;0.8683046698570251;0.8428369164466858;0.8300589323043823;0.8258492946624756;0.8249915242195129;0.8230805397033691;0.8206040263175964;0.8148284554481506;0.8133119940757751;0.8034026622772217;0.8034026622772217;0.8027161359786987;0.7985789775848389;0.7888656258583069;0.7876114249229431;0.7842448949813843;0.7781025171279907;0.7772074341773987;0.7711672186851501;0.7711672186851501;0.7704104781150818;0.7643302083015442;0.7643302083015442;0.7627789378166199;0.7556642889976501;0.7463516592979431;0.7463516592979431;0.7439257502555847;0.719239354133606;0.719239354133606;0.7085165977478027;0.6804665923118591;0.6804665923118591;0.674862265586853;0;1.0;43.0;80.0;Best Matches (2024/11/30);0
5DVNiezdlfBjQunMHakq57;['5fMUXHkw8R8eOP2RNVYEZX', '3EIJ8wiUHbgkRCt5cpRrQv', '59oA5WbbQvomJz2BuRG071'];0JhKJg5ejeQ8jq89UQtnw8;6g1NlCpW7fgqDnWbCCDrHl;7zACUQbWQxzT4aER7ityBV;39LLxExYz6ewLAcYrzQQyP;5jkFvD4UJrmdoezzT1FRoP;5W3cjX2J3tjhG8zb6u0qHn;4y1LsJpmMti1PfRQV9AWWe;3YZa4IzxK2UtEKTvdTgsi8;5QTxFnGygVM4jFQiBovmRo;5vmRQ3zELMLUQPo2FLQ76x;7ACxUo21jtTHzy7ZEV56vU;7Dm3dV3WPNdTgxoNY7YFnc;2AwrViURxCTIiEeaRu0uDb;20I8RduZC2PWMWTDCZuuAN;1QzFhzIOW7CyRJLpmq5CM0;5AJrhrwz4oSZX2PwwV4qrN;5TNhjanmvwvmjCz2WYwSAv;6nTiIhLmQ3FWhvrGafw2zj;2374M0fQpWi3dLnB54qaLX;1r8oPEXqnhUVgkUkJNqEuF;6NwbeybX6TDtXlpXvnUOZC;7aDotQpUKpGFrOsrfQAxNc;4E4Gxykl5nYMSIwlIVzjGr;20OFwXhEXf12DzwXmaV7fj;3ixTiPABjqkBKPocxq6oIe;4lB8SqU4KfzB0QjfEIAssb;34K7nU8EWQIRI93RfqhdRJ;78Az0Z1vNJgqv9QSB0ULLV;3LTMnFa0hhwisyq6ILahyj;2OErSh4oVVAUll0vHxdr6p;0WQiDwKJclirSYG9v5tayI;1GTPRD8z9c7kVDqwGbn52f;1EW3j7tz6kkOE4dIumzc1p;25SJaCCPiosugnlY53VhRG;5LBTfYRqAadXE8DW7gzSPu;2Khm1TiPetapBlVoy5e5hS;5VTYoFVZ8yQutwMTjP9MiF;7Ld1YDk8O9SYWPiz2tdo3o;5rDkA2TFOImbiVenmnE9r4;0.91;0.9141741991043091;0.8413804173469543;0.8013878464698792;0.7795354127883911;0.7754579782485962;0.7712820768356323;0.7628960609436035;0.7607977390289307;0.7577223181724548;0.7569625377655029;0.7548278570175171;0.7548246383666992;0.7546467185020447;0.7498911619186401;0.740016758441925;0.7338346838951111;0.7290478944778442;0.7257723808288574;0.7237856388092041;0.7205525040626526;0.7205146551132202;0.7186001539230347;0.7136415839195251;0.7120409607887268;0.7120409607887268;0.7108317017555237;0.7108317017555237;0.7067274451255798;0.705411434173584;0.705411434173584;0.691890299320221;0.6895338296890259;0.6797539591789246;0.6707900762557983;0.6602036356925964;0.6602036356925964;0.6330405473709106;0.6330405473709106;0;1.0;42.0;79.0;Best Matches (2024/11/30);0
7dfQNWgVxikbrdvEmsfPMA;['3ZXXJ9nO1Dn9B0AJ25eAQY', '04XggbrM51GcFPTxBYtRXT'];4E4Gxykl5nYMSIwlIVzjGr;20I8RduZC2PWMWTDCZuuAN;25SJaCCPiosugnlY53VhRG;6nTiIhLmQ3FWhvrGafw2zj;1QzFhzIOW7CyRJLpmq5CM0;5QTxFnGygVM4jFQiBovmRo;7Dm3dV3WPNdTgxoNY7YFnc;3LTMnFa0hhwisyq6ILahyj;5TNhjanmvwvmjCz2WYwSAv;1r8oPEXqnhUVgkUkJNqEuF;2AwrViURxCTIiEeaRu0uDb;3YZa4IzxK2UtEKTvdTgsi8;2374M0fQpWi3dLnB54qaLX;4y1LsJpmMti1PfRQV9AWWe;78Az0Z1vNJgqv9QSB0ULLV;34K7nU8EWQIRI93RfqhdRJ;20OFwXhEXf12DzwXmaV7fj;7aDotQpUKpGFrOsrfQAxNc;7ACxUo21jtTHzy7ZEV56vU;5AJrhrwz4oSZX2PwwV4qrN;39LLxExYz6ewLAcYrzQQyP;5W3cjX2J3tjhG8zb6u0qHn;7zACUQbWQxzT4aER7ityBV;2OErSh4oVVAUll0vHxdr6p;0WQiDwKJclirSYG9v5tayI;2Khm1TiPetapBlVoy5e5hS;5VTYoFVZ8yQutwMTjP9MiF;5LBTfYRqAadXE8DW7gzSPu;5vmRQ3zELMLUQPo2FLQ76x;5jkFvD4UJrmdoezzT1FRoP;6NwbeybX6TDtXlpXvnUOZC;3ixTiPABjqkBKPocxq6oIe;4lB8SqU4KfzB0QjfEIAssb;6g1NlCpW7fgqDnWbCCDrHl;0JhKJg5ejeQ8jq89UQtnw8;1GTPRD8z9c7kVDqwGbn52f;1EW3j7tz6kkOE4dIumzc1p;7Ld1YDk8O9SYWPiz2tdo3o;5rDkA2TFOImbiVenmnE9r4;0.91;0.8466625809669495;0.8387995958328247;0.8367658257484436;0.8366634845733643;0.8351737260818481;0.8262692093849182;0.8207783102989197;0.8200911283493042;0.8188550472259521;0.8169310688972473;0.8166368007659912;0.8109523057937622;0.8091691136360168;0.8027828931808472;0.8027828931808472;0.8003948330879211;0.7977810502052307;0.7959066033363342;0.7954659461975098;0.7912578582763672;0.7823025584220886;0.7746156454086304;0.7725839614868164;0.7725839614868164;0.7684407234191895;0.7684407234191895;0.766302227973938;0.7661933302879333;0.7641004323959351;0.7630342245101929;0.7620153427124023;0.7620153427124023;0.7515143156051636;0.7515143156051636;0.7265737652778625;0.7167052030563354;0.69464111328125;0.69464111328125;0;1.0;38.0;43.0;Best Matches (2024/11/30);0
1PEqh7awkpuepLBSq8ZwqD;['2EfG2EoT8GFJrMiilbTVl2'];4y1LsJpmMti1PfRQV9AWWe;5vmRQ3zELMLUQPo2FLQ76x;6nTiIhLmQ3FWhvrGafw2zj;2OErSh4oVVAUll0vHxdr6p;0WQiDwKJclirSYG9v5tayI;3YZa4IzxK2UtEKTvdTgsi8;1r8oPEXqnhUVgkUkJNqEuF;7Dm3dV3WPNdTgxoNY7YFnc;5QTxFnGygVM4jFQiBovmRo;1QzFhzIOW7CyRJLpmq5CM0;2AwrViURxCTIiEeaRu0uDb;4lB8SqU4KfzB0QjfEIAssb;3ixTiPABjqkBKPocxq6oIe;5TNhjanmvwvmjCz2WYwSAv;7zACUQbWQxzT4aER7ityBV;5W3cjX2J3tjhG8zb6u0qHn;20I8RduZC2PWMWTDCZuuAN;39LLxExYz6ewLAcYrzQQyP;2374M0fQpWi3dLnB54qaLX;5jkFvD4UJrmdoezzT1FRoP;7ACxUo21jtTHzy7ZEV56vU;3LTMnFa0hhwisyq6ILahyj;4E4Gxykl5nYMSIwlIVzjGr;7aDotQpUKpGFrOsrfQAxNc;6NwbeybX6TDtXlpXvnUOZC;6g1NlCpW7fgqDnWbCCDrHl;0JhKJg5ejeQ8jq89UQtnw8;34K7nU8EWQIRI93RfqhdRJ;78Az0Z1vNJgqv9QSB0ULLV;5AJrhrwz4oSZX2PwwV4qrN;20OFwXhEXf12DzwXmaV7fj;2Khm1TiPetapBlVoy5e5hS;5VTYoFVZ8yQutwMTjP9MiF;1EW3j7tz6kkOE4dIumzc1p;5LBTfYRqAadXE8DW7gzSPu;25SJaCCPiosugnlY53VhRG;1GTPRD8z9c7kVDqwGbn52f;7Ld1YDk8O9SYWPiz2tdo3o;5rDkA2TFOImbiVenmnE9r4;0.91;0.8763689994812012;0.8451492786407471;0.832440972328186;0.832440972328186;0.8236289024353027;0.8057431578636169;0.7978367209434509;0.7889465093612671;0.786936342716217;0.7825823426246643;0.7796408534049988;0.7796408534049988;0.7759512662887573;0.7728854417800903;0.7705378532409668;0.7692819237709045;0.7689591646194458;0.7681532502174377;0.7614665627479553;0.7578094005584717;0.7546764612197876;0.7494171261787415;0.7477585673332214;0.7426680326461792;0.7408053874969482;0.7408053874969482;0.7400670051574707;0.7400670051574707;0.7249696850776672;0.7228767275810242;0.7091341614723206;0.7091341614723206;0.7078735828399658;0.6999201774597168;0.6941399574279785;0.6940827965736389;0.6165770888328552;0.6165770888328552;0;1.0;67.0;55.0;Best Matches (2024/11/30);0
3sO69gpldejjE93KvK3bUj;['6nS5roXSAGhTGr34W6n7Et', '290nCNEce1y6rfoJiO2rK7'];0JhKJg5ejeQ8jq89UQtnw8;6g1NlCpW7fgqDnWbCCDrHl;7zACUQbWQxzT4aER7ityBV;20I8RduZC2PWMWTDCZuuAN;5AJrhrwz4oSZX2PwwV4qrN;4y1LsJpmMti1PfRQV9AWWe;39LLxExYz6ewLAcYrzQQyP;4E4Gxykl5nYMSIwlIVzjGr;3ixTiPABjqkBKPocxq6oIe;4lB8SqU4KfzB0QjfEIAssb;5vmRQ3zELMLUQPo2FLQ76x;1r8oPEXqnhUVgkUkJNqEuF;5jkFvD4UJrmdoezzT1FRoP;78Az0Z1vNJgqv9QSB0ULLV;34K7nU8EWQIRI93RfqhdRJ;1QzFhzIOW7CyRJLpmq5CM0;0WQiDwKJclirSYG9v5tayI;2OErSh4oVVAUll0vHxdr6p;5W3cjX2J3tjhG8zb6u0qHn;3YZa4IzxK2UtEKTvdTgsi8;25SJaCCPiosugnlY53VhRG;7Dm3dV3WPNdTgxoNY7YFnc;5QTxFnGygVM4jFQiBovmRo;2AwrViURxCTIiEeaRu0uDb;7ACxUo21jtTHzy7ZEV56vU;6nTiIhLmQ3FWhvrGafw2zj;5LBTfYRqAadXE8DW7gzSPu;5TNhjanmvwvmjCz2WYwSAv;2374M0fQpWi3dLnB54qaLX;3LTMnFa0hhwisyq6ILahyj;7aDotQpUKpGFrOsrfQAxNc;6NwbeybX6TDtXlpXvnUOZC;1GTPRD8z9c7kVDqwGbn52f;1EW3j7tz6kkOE4dIumzc1p;20OFwXhEXf12DzwXmaV7fj;2Khm1TiPetapBlVoy5e5hS;5VTYoFVZ8yQutwMTjP9MiF;7Ld1YDk8O9SYWPiz2tdo3o;5rDkA2TFOImbiVenmnE9r4;0.91;0.9071361422538757;0.8330523371696472;0.7667731046676636;0.7612560987472534;0.7612500190734863;0.7593329548835754;0.7558580636978149;0.735920786857605;0.735920786857605;0.7314652800559998;0.7309844493865967;0.7305935621261597;0.7289408445358276;0.7289408445358276;0.7288406491279602;0.7233663201332092;0.7233663201332092;0.720097005367279;0.718259871006012;0.7089925408363342;0.708877682685852;0.7079055309295654;0.7076144218444824;0.7044169902801514;0.7010888457298279;0.6911311745643616;0.6850119829177856;0.6845285892486572;0.6733270883560181;0.6708001494407654;0.670348048210144;0.6683317422866821;0.6677426695823669;0.665493905544281;0.65447998046875;0.65447998046875;0.5947892665863037;0.5947892665863037;0;1.0;46.0;76.0;Best Matches (2024/11/30);0
58dwGk4l4ju8pI9YWsTHWD;['7cpCnhhBIU1gA7EhTFApN1'];20I8RduZC2PWMWTDCZuuAN;4E4Gxykl5nYMSIwlIVzjGr;25SJaCCPiosugnlY53VhRG;78Az0Z1vNJgqv9QSB0ULLV;34K7nU8EWQIRI93RfqhdRJ;1r8oPEXqnhUVgkUkJNqEuF;4lB8SqU4KfzB0QjfEIAssb;3ixTiPABjqkBKPocxq6oIe;0WQiDwKJclirSYG9v5tayI;2OErSh4oVVAUll0vHxdr6p;5AJrhrwz4oSZX2PwwV4qrN;7ACxUo21jtTHzy7ZEV56vU;1QzFhzIOW7CyRJLpmq5CM0;5QTxFnGygVM4jFQiBovmRo;5TNhjanmvwvmjCz2WYwSAv;3YZa4IzxK2UtEKTvdTgsi8;2AwrViURxCTIiEeaRu0uDb;7Dm3dV3WPNdTgxoNY7YFnc;6nTiIhLmQ3FWhvrGafw2zj;39LLxExYz6ewLAcYrzQQyP;5jkFvD4UJrmdoezzT1FRoP;4y1LsJpmMti1PfRQV9AWWe;5W3cjX2J3tjhG8zb6u0qHn;3LTMnFa0hhwisyq6ILahyj;2374M0fQpWi3dLnB54qaLX;6NwbeybX6TDtXlpXvnUOZC;20OFwXhEXf12DzwXmaV7fj;7aDotQpUKpGFrOsrfQAxNc;7zACUQbWQxzT4aER7ityBV;5LBTfYRqAadXE8DW7gzSPu;5vmRQ3zELMLUQPo2FLQ76x;2Khm1TiPetapBlVoy5e5hS;5VTYoFVZ8yQutwMTjP9MiF;6g1NlCpW7fgqDnWbCCDrHl;0JhKJg5ejeQ8jq89UQtnw8;1GTPRD8z9c7kVDqwGbn52f;1EW3j7tz6kkOE4dIumzc1p;7Ld1YDk8O9SYWPiz2tdo3o;5rDkA2TFOImbiVenmnE9r4;0.91;0.8264594078063965;0.8101820349693298;0.7939045429229736;0.7939045429229736;0.7856947779655457;0.776507556438446;0.776507556438446;0.7743816375732422;0.7743816375732422;0.755711555480957;0.749458909034729;0.7461265325546265;0.7427972555160522;0.7401522994041443;0.7344327569007874;0.7342731356620789;0.7316144108772278;0.7289009094238281;0.7252224683761597;0.7218053936958313;0.714704155921936;0.7119837999343872;0.7091361284255981;0.7078443169593811;0.7078263163566589;0.7049041390419006;0.6981560587882996;0.6981000900268555;0.6976737380027771;0.6910069584846497;0.6876755356788635;0.6876755356788635;0.6724004745483398;0.6724004745483398;0.6685706973075867;0.661939263343811;0.6080313324928284;0.6080313324928284;0;1.0;63.0;61.0;Best Matches (2024/11/30);0
1pHP4JeQV9wDx87D6qH9hD;['3hozsZ9hqNq7CoBGYNlFTz'];6nTiIhLmQ3FWhvrGafw2zj;4y1LsJpmMti1PfRQV9AWWe;3YZa4IzxK2UtEKTvdTgsi8;5QTxFnGygVM4jFQiBovmRo;2OErSh4oVVAUll0vHxdr6p;0WQiDwKJclirSYG9v5tayI;7Dm3dV3WPNdTgxoNY7YFnc;2AwrViURxCTIiEeaRu0uDb;3ixTiPABjqkBKPocxq6oIe;4lB8SqU4KfzB0QjfEIAssb;3LTMnFa0hhwisyq6ILahyj;2374M0fQpWi3dLnB54qaLX;1r8oPEXqnhUVgkUkJNqEuF;5TNhjanmvwvmjCz2WYwSAv;1QzFhzIOW7CyRJLpmq5CM0;20I8RduZC2PWMWTDCZuuAN;7ACxUo21jtTHzy7ZEV56vU;25SJaCCPiosugnlY53VhRG;5vmRQ3zELMLUQPo2FLQ76x;4E4Gxykl5nYMSIwlIVzjGr;5W3cjX2J3tjhG8zb6u0qHn;20OFwXhEXf12DzwXmaV7fj;78Az0Z1vNJgqv9QSB0ULLV;34K7nU8EWQIRI93RfqhdRJ;5AJrhrwz4oSZX2PwwV4qrN;7aDotQpUKpGFrOsrfQAxNc;39LLxExYz6ewLAcYrzQQyP;7zACUQbWQxzT4aER7ityBV;6NwbeybX6TDtXlpXvnUOZC;2Khm1TiPetapBlVoy5e5hS;5VTYoFVZ8yQutwMTjP9MiF;6g1NlCpW7fgqDnWbCCDrHl;0JhKJg5ejeQ8jq89UQtnw8;5jkFvD4UJrmdoezzT1FRoP;5LBTfYRqAadXE8DW7gzSPu;1GTPRD8z9c7kVDqwGbn52f;1EW3j7tz6kkOE4dIumzc1p;7Ld1YDk8O9SYWPiz2tdo3o;5rDkA2TFOImbiVenmnE9r4;0.91;0.8797183632850647;0.8507198691368103;0.8297829627990723;0.7999266982078552;0.7999266982078552;0.7989989519119263;0.7963036298751831;0.7860859036445618;0.7860859036445618;0.7790727615356445;0.7698286175727844;0.7676639556884766;0.7659221291542053;0.7605178952217102;0.758232831954956;0.7570461630821228;0.7569629549980164;0.7530523538589478;0.7521730661392212;0.7453013062477112;0.7450090646743774;0.7421459555625916;0.7421459555625916;0.7386012673377991;0.7314783930778503;0.724976122379303;0.7225190997123718;0.7210106253623962;0.7138352394104004;0.7138352394104004;0.7119535803794861;0.7119535803794861;0.7008631825447083;0.6825205087661743;0.6734361052513123;0.668250322341919;0.6434159874916077;0.6434159874916077;0;1.0;62.0;54.0;Best Matches (2024/11/30);0
5GGHmGNZYnVSdRERLUSB4w;['3oKRxpszQKUjjaHz388fVA'];4E4Gxykl5nYMSIwlIVzjGr;1GTPRD8z9c7kVDqwGbn52f;1QzFhzIOW7CyRJLpmq5CM0;5AJrhrwz4oSZX2PwwV4qrN;7zACUQbWQxzT4aER7ityBV;25SJaCCPiosugnlY53VhRG;20I8RduZC2PWMWTDCZuuAN;39LLxExYz6ewLAcYrzQQyP;5jkFvD4UJrmdoezzT1FRoP;4y1LsJpmMti1PfRQV9AWWe;6nTiIhLmQ3FWhvrGafw2zj;34K7nU8EWQIRI93RfqhdRJ;78Az0Z1vNJgqv9QSB0ULLV;3YZa4IzxK2UtEKTvdTgsi8;2Khm1TiPetapBlVoy5e5hS;5VTYoFVZ8yQutwMTjP9MiF;5TNhjanmvwvmjCz2WYwSAv;3LTMnFa0hhwisyq6ILahyj;5QTxFnGygVM4jFQiBovmRo;7Dm3dV3WPNdTgxoNY7YFnc;1r8oPEXqnhUVgkUkJNqEuF;2AwrViURxCTIiEeaRu0uDb;6g1NlCpW7fgqDnWbCCDrHl;0JhKJg5ejeQ8jq89UQtnw8;5vmRQ3zELMLUQPo2FLQ76x;7aDotQpUKpGFrOsrfQAxNc;20OFwXhEXf12DzwXmaV7fj;2OErSh4oVVAUll0vHxdr6p;0WQiDwKJclirSYG9v5tayI;3ixTiPABjqkBKPocxq6oIe;4lB8SqU4KfzB0QjfEIAssb;5LBTfYRqAadXE8DW7gzSPu;7ACxUo21jtTHzy7ZEV56vU;2374M0fQpWi3dLnB54qaLX;1EW3j7tz6kkOE4dIumzc1p;5W3cjX2J3tjhG8zb6u0qHn;6NwbeybX6TDtXlpXvnUOZC;7Ld1YDk8O9SYWPiz2tdo3o;5rDkA2TFOImbiVenmnE9r4;0.9;0.8014865517616272;0.7514106035232544;0.7506948113441467;0.7506604194641113;0.732881486415863;0.7221110463142395;0.7207717895507812;0.7195427417755127;0.7174343466758728;0.7149028778076172;0.7144027352333069;0.7144027352333069;0.7138140797615051;0.7109976410865784;0.7109976410865784;0.7078973054885864;0.7068237662315369;0.70586758852005;0.7057248950004578;0.7050724625587463;0.7047913074493408;0.7036089897155762;0.7036089897155762;0.7034574747085571;0.7026654481887817;0.6996195316314697;0.6978833675384521;0.6978833675384521;0.6977143883705139;0.6977143883705139;0.696586549282074;0.6883304119110107;0.6853798031806946;0.6738407015800476;0.6676172018051147;0.6651617884635925;0.6261751651763916;0.6261751651763916;0;1.0;61.0;68.0;Best Matches (2024/11/30);0
2oH2HmqJqbSdIKcvtcq3Jo;['3oKRxpszQKUjjaHz388fVA', '3hA0yUEuLvjqvxtMlqznDb'];4E4Gxykl5nYMSIwlIVzjGr;1GTPRD8z9c7kVDqwGbn52f;1QzFhzIOW7CyRJLpmq5CM0;5AJrhrwz4oSZX2PwwV4qrN;7zACUQbWQxzT4aER7ityBV;25SJaCCPiosugnlY53VhRG;20I8RduZC2PWMWTDCZuuAN;39LLxExYz6ewLAcYrzQQyP;5jkFvD4UJrmdoezzT1FRoP;4y1LsJpmMti1PfRQV9AWWe;6nTiIhLmQ3FWhvrGafw2zj;34K7nU8EWQIRI93RfqhdRJ;78Az0Z1vNJgqv9QSB0ULLV;3YZa4IzxK2UtEKTvdTgsi8;2Khm1TiPetapBlVoy5e5hS;5VTYoFVZ8yQutwMTjP9MiF;5TNhjanmvwvmjCz2WYwSAv;3LTMnFa0hhwisyq6ILahyj;5QTxFnGygVM4jFQiBovmRo;7Dm3dV3WPNdTgxoNY7YFnc;1r8oPEXqnhUVgkUkJNqEuF;2AwrViURxCTIiEeaRu0uDb;6g1NlCpW7fgqDnWbCCDrHl;0JhKJg5ejeQ8jq89UQtnw8;5vmRQ3zELMLUQPo2FLQ76x;7aDotQpUKpGFrOsrfQAxNc;20OFwXhEXf12DzwXmaV7fj;2OErSh4oVVAUll0vHxdr6p;0WQiDwKJclirSYG9v5tayI;3ixTiPABjqkBKPocxq6oIe;4lB8SqU4KfzB0QjfEIAssb;5LBTfYRqAadXE8DW7gzSPu;7ACxUo21jtTHzy7ZEV56vU;2374M0fQpWi3dLnB54qaLX;1EW3j7tz6kkOE4dIumzc1p;5W3cjX2J3tjhG8zb6u0qHn;6NwbeybX6TDtXlpXvnUOZC;7Ld1YDk8O9SYWPiz2tdo3o;5rDkA2TFOImbiVenmnE9r4;0.9;0.8014865517616272;0.7514106035232544;0.7506948113441467;0.7506604194641113;0.732881486415863;0.7221110463142395;0.7207717895507812;0.7195427417755127;0.7174343466758728;0.7149028778076172;0.7144027352333069;0.7144027352333069;0.7138140797615051;0.7109976410865784;0.7109976410865784;0.7078973054885864;0.7068237662315369;0.70586758852005;0.7057248950004578;0.7050724625587463;0.7047913074493408;0.7036089897155762;0.7036089897155762;0.7034574747085571;0.7026654481887817;0.6996195316314697;0.6978833675384521;0.6978833675384521;0.6977143883705139;0.6977143883705139;0.696586549282074;0.6883304119110107;0.6853798031806946;0.6738407015800476;0.6676172018051147;0.6651617884635925;0.6261751651763916;0.6261751651763916;0;1.0;39.0;68.0;Best Matches (2024/11/30);0
5iJamZubWUx3T9HD85vc1w;['7uLePkJ2f0MwEcphODfkuu'];5LBTfYRqAadXE8DW7gzSPu;2Khm1TiPetapBlVoy5e5hS;5VTYoFVZ8yQutwMTjP9MiF;1EW3j7tz6kkOE4dIumzc1p;7zACUQbWQxzT4aER7ityBV;20I8RduZC2PWMWTDCZuuAN;1QzFhzIOW7CyRJLpmq5CM0;4y1LsJpmMti1PfRQV9AWWe;39LLxExYz6ewLAcYrzQQyP;7Dm3dV3WPNdTgxoNY7YFnc;5jkFvD4UJrmdoezzT1FRoP;4E4Gxykl5nYMSIwlIVzjGr;6nTiIhLmQ3FWhvrGafw2zj;0JhKJg5ejeQ8jq89UQtnw8;6g1NlCpW7fgqDnWbCCDrHl;3YZa4IzxK2UtEKTvdTgsi8;5vmRQ3zELMLUQPo2FLQ76x;25SJaCCPiosugnlY53VhRG;5QTxFnGygVM4jFQiBovmRo;5TNhjanmvwvmjCz2WYwSAv;2AwrViURxCTIiEeaRu0uDb;7aDotQpUKpGFrOsrfQAxNc;2374M0fQpWi3dLnB54qaLX;5AJrhrwz4oSZX2PwwV4qrN;1r8oPEXqnhUVgkUkJNqEuF;3LTMnFa0hhwisyq6ILahyj;3ixTiPABjqkBKPocxq6oIe;4lB8SqU4KfzB0QjfEIAssb;5W3cjX2J3tjhG8zb6u0qHn;7ACxUo21jtTHzy7ZEV56vU;2OErSh4oVVAUll0vHxdr6p;0WQiDwKJclirSYG9v5tayI;6NwbeybX6TDtXlpXvnUOZC;20OFwXhEXf12DzwXmaV7fj;34K7nU8EWQIRI93RfqhdRJ;78Az0Z1vNJgqv9QSB0ULLV;1GTPRD8z9c7kVDqwGbn52f;7Ld1YDk8O9SYWPiz2tdo3o;5rDkA2TFOImbiVenmnE9r4;0.9;0.8875016570091248;0.8875016570091248;0.8325100541114807;0.725791871547699;0.7225126028060913;0.7174791097640991;0.7138612270355225;0.7117372155189514;0.7114801406860352;0.709891140460968;0.7088590860366821;0.7007474303245544;0.6909793615341187;0.6909793615341187;0.6876376271247864;0.6811583042144775;0.6801982522010803;0.6799905300140381;0.6792311668395996;0.6792085766792297;0.6780279278755188;0.6762728691101074;0.6761986017227173;0.6739440560340881;0.6706638932228088;0.6671414375305176;0.6671414375305176;0.6570316553115845;0.6562656760215759;0.6527737975120544;0.6527737975120544;0.6508748531341553;0.6447901725769043;0.6347227096557617;0.6347227096557617;0.6237915754318237;0.5946806073188782;0.5946806073188782;0;1.0;0.0;54.0;Best Matches (2024/11/30);0
5kz9GDBTX846OXwqWoyKzF;['2mG8HHQ9S9kcbjcrb5N1FE'];4y1LsJpmMti1PfRQV9AWWe;2374M0fQpWi3dLnB54qaLX;7Dm3dV3WPNdTgxoNY7YFnc;3YZa4IzxK2UtEKTvdTgsi8;5QTxFnGygVM4jFQiBovmRo;5vmRQ3zELMLUQPo2FLQ76x;3LTMnFa0hhwisyq6ILahyj;7ACxUo21jtTHzy7ZEV56vU;20OFwXhEXf12DzwXmaV7fj;6nTiIhLmQ3FWhvrGafw2zj;2AwrViURxCTIiEeaRu0uDb;5TNhjanmvwvmjCz2WYwSAv;1r8oPEXqnhUVgkUkJNqEuF;1QzFhzIOW7CyRJLpmq5CM0;20I8RduZC2PWMWTDCZuuAN;5jkFvD4UJrmdoezzT1FRoP;0WQiDwKJclirSYG9v5tayI;2OErSh4oVVAUll0vHxdr6p;6NwbeybX6TDtXlpXvnUOZC;3ixTiPABjqkBKPocxq6oIe;4lB8SqU4KfzB0QjfEIAssb;5W3cjX2J3tjhG8zb6u0qHn;5AJrhrwz4oSZX2PwwV4qrN;7zACUQbWQxzT4aER7ityBV;39LLxExYz6ewLAcYrzQQyP;34K7nU8EWQIRI93RfqhdRJ;78Az0Z1vNJgqv9QSB0ULLV;6g1NlCpW7fgqDnWbCCDrHl;0JhKJg5ejeQ8jq89UQtnw8;7aDotQpUKpGFrOsrfQAxNc;4E4Gxykl5nYMSIwlIVzjGr;25SJaCCPiosugnlY53VhRG;1EW3j7tz6kkOE4dIumzc1p;2Khm1TiPetapBlVoy5e5hS;5VTYoFVZ8yQutwMTjP9MiF;1GTPRD8z9c7kVDqwGbn52f;5LBTfYRqAadXE8DW7gzSPu;7Ld1YDk8O9SYWPiz2tdo3o;5rDkA2TFOImbiVenmnE9r4;0.9;0.8963959217071533;0.8780139088630676;0.867835521697998;0.8672220706939697;0.8661707043647766;0.8656587600708008;0.8589493036270142;0.8495480418205261;0.8452677726745605;0.829516589641571;0.806286633014679;0.8000722527503967;0.7952886819839478;0.7917686700820923;0.7899537086486816;0.7872200608253479;0.7872200608253479;0.7821596264839172;0.7814443111419678;0.7814443111419678;0.7773844599723816;0.7681161165237427;0.7670012712478638;0.7662510275840759;0.762643575668335;0.762643575668335;0.7493672966957092;0.7493672966957092;0.7462024092674255;0.7348654270172119;0.7144016027450562;0.703617513179779;0.6992932558059692;0.6992932558059692;0.6787622570991516;0.6738852858543396;0.637453556060791;0.637453556060791;0;1.0;56.0;53.0;Best Matches (2024/11/30);0
1Q9sUfMy4J3bnttkpxkP1l;['58ZTr51uERVdMQbfDbc5B3'];5LBTfYRqAadXE8DW7gzSPu;1EW3j7tz6kkOE4dIumzc1p;5VTYoFVZ8yQutwMTjP9MiF;2Khm1TiPetapBlVoy5e5hS;7zACUQbWQxzT4aER7ityBV;5jkFvD4UJrmdoezzT1FRoP;1QzFhzIOW7CyRJLpmq5CM0;39LLxExYz6ewLAcYrzQQyP;7Dm3dV3WPNdTgxoNY7YFnc;6g1NlCpW7fgqDnWbCCDrHl;0JhKJg5ejeQ8jq89UQtnw8;4y1LsJpmMti1PfRQV9AWWe;3YZa4IzxK2UtEKTvdTgsi8;20I8RduZC2PWMWTDCZuuAN;6nTiIhLmQ3FWhvrGafw2zj;2AwrViURxCTIiEeaRu0uDb;5TNhjanmvwvmjCz2WYwSAv;5AJrhrwz4oSZX2PwwV4qrN;5W3cjX2J3tjhG8zb6u0qHn;7aDotQpUKpGFrOsrfQAxNc;5QTxFnGygVM4jFQiBovmRo;4lB8SqU4KfzB0QjfEIAssb;3ixTiPABjqkBKPocxq6oIe;2374M0fQpWi3dLnB54qaLX;5vmRQ3zELMLUQPo2FLQ76x;3LTMnFa0hhwisyq6ILahyj;4E4Gxykl5nYMSIwlIVzjGr;7ACxUo21jtTHzy7ZEV56vU;6NwbeybX6TDtXlpXvnUOZC;34K7nU8EWQIRI93RfqhdRJ;78Az0Z1vNJgqv9QSB0ULLV;2OErSh4oVVAUll0vHxdr6p;0WQiDwKJclirSYG9v5tayI;20OFwXhEXf12DzwXmaV7fj;1r8oPEXqnhUVgkUkJNqEuF;1GTPRD8z9c7kVDqwGbn52f;25SJaCCPiosugnlY53VhRG;5rDkA2TFOImbiVenmnE9r4;7Ld1YDk8O9SYWPiz2tdo3o;0.9;0.8993135094642639;0.8918060660362244;0.8918060660362244;0.782867968082428;0.7782740592956543;0.7732039093971252;0.7551820278167725;0.7499907612800598;0.7349985241889954;0.7349985241889954;0.7260380387306213;0.7220180630683899;0.7209917902946472;0.7201109528541565;0.715668797492981;0.7144606709480286;0.7054605484008789;0.7040120363235474;0.7036755084991455;0.702029287815094;0.7005416750907898;0.7005416750907898;0.6979421973228455;0.6876415610313416;0.6855539083480835;0.6823345422744751;0.6810232400894165;0.6788134574890137;0.6730430722236633;0.6730430722236633;0.669715166091919;0.669715166091919;0.6685308814048767;0.6653221845626831;0.6392601132392883;0.6190851926803589;0.5907496809959412;0.5907496809959412;0;1.0;0.0;53.0;Best Matches (2024/11/30);0
3dh3mOP8jfv4zbJl3HbuQK;['3RHoFGKe6KE3LLml7ujPKJ'];4E4Gxykl5nYMSIwlIVzjGr;20I8RduZC2PWMWTDCZuuAN;78Az0Z1vNJgqv9QSB0ULLV;34K7nU8EWQIRI93RfqhdRJ;1r8oPEXqnhUVgkUkJNqEuF;5AJrhrwz4oSZX2PwwV4qrN;1QzFhzIOW7CyRJLpmq5CM0;4lB8SqU4KfzB0QjfEIAssb;3ixTiPABjqkBKPocxq6oIe;25SJaCCPiosugnlY53VhRG;7Dm3dV3WPNdTgxoNY7YFnc;2AwrViURxCTIiEeaRu0uDb;2OErSh4oVVAUll0vHxdr6p;0WQiDwKJclirSYG9v5tayI;3YZa4IzxK2UtEKTvdTgsi8;5QTxFnGygVM4jFQiBovmRo;6nTiIhLmQ3FWhvrGafw2zj;3LTMnFa0hhwisyq6ILahyj;7ACxUo21jtTHzy7ZEV56vU;2374M0fQpWi3dLnB54qaLX;5TNhjanmvwvmjCz2WYwSAv;4y1LsJpmMti1PfRQV9AWWe;20OFwXhEXf12DzwXmaV7fj;39LLxExYz6ewLAcYrzQQyP;7zACUQbWQxzT4aER7ityBV;5VTYoFVZ8yQutwMTjP9MiF;2Khm1TiPetapBlVoy5e5hS;5jkFvD4UJrmdoezzT1FRoP;5LBTfYRqAadXE8DW7gzSPu;5W3cjX2J3tjhG8zb6u0qHn;7aDotQpUKpGFrOsrfQAxNc;5vmRQ3zELMLUQPo2FLQ76x;6g1NlCpW7fgqDnWbCCDrHl;0JhKJg5ejeQ8jq89UQtnw8;6NwbeybX6TDtXlpXvnUOZC;1EW3j7tz6kkOE4dIumzc1p;1GTPRD8z9c7kVDqwGbn52f;5rDkA2TFOImbiVenmnE9r4;7Ld1YDk8O9SYWPiz2tdo3o;0.9;0.8603038787841797;0.8539606332778931;0.8539606332778931;0.834421694278717;0.8248298168182373;0.8193925023078918;0.8152086138725281;0.8152086138725281;0.8116977214813232;0.8112741112709045;0.8053106665611267;0.8046252131462097;0.8046252131462097;0.8021052479743958;0.8020305633544922;0.8007631301879883;0.7965975999832153;0.7925868034362793;0.7914592027664185;0.7878948450088501;0.7859054803848267;0.78090900182724;0.7737744450569153;0.7714942693710327;0.7709934711456299;0.7709934711456299;0.7693889737129211;0.7653453350067139;0.7645413279533386;0.7631554007530212;0.7514404654502869;0.7480530142784119;0.7480530142784119;0.7395786643028259;0.7219797968864441;0.7165544033050537;0.6656167507171631;0.6656167507171631;0;1.0;58.0;55.0;Best Matches (2024/11/30);0
3ZcUKMaqWY7jGEzAoU5mQs;['3bvfu2KAve4lPHrhEFDZna', '3vQ0GE3mI0dAaxIMYe5g7z'];5LBTfYRqAadXE8DW7gzSPu;1EW3j7tz6kkOE4dIumzc1p;5VTYoFVZ8yQutwMTjP9MiF;2Khm1TiPetapBlVoy5e5hS;7zACUQbWQxzT4aER7ityBV;5jkFvD4UJrmdoezzT1FRoP;1QzFhzIOW7CyRJLpmq5CM0;39LLxExYz6ewLAcYrzQQyP;7Dm3dV3WPNdTgxoNY7YFnc;6g1NlCpW7fgqDnWbCCDrHl;0JhKJg5ejeQ8jq89UQtnw8;4y1LsJpmMti1PfRQV9AWWe;3YZa4IzxK2UtEKTvdTgsi8;20I8RduZC2PWMWTDCZuuAN;6nTiIhLmQ3FWhvrGafw2zj;2AwrViURxCTIiEeaRu0uDb;5TNhjanmvwvmjCz2WYwSAv;5AJrhrwz4oSZX2PwwV4qrN;5W3cjX2J3tjhG8zb6u0qHn;7aDotQpUKpGFrOsrfQAxNc;5QTxFnGygVM4jFQiBovmRo;4lB8SqU4KfzB0QjfEIAssb;3ixTiPABjqkBKPocxq6oIe;2374M0fQpWi3dLnB54qaLX;5vmRQ3zELMLUQPo2FLQ76x;3LTMnFa0hhwisyq6ILahyj;4E4Gxykl5nYMSIwlIVzjGr;7ACxUo21jtTHzy7ZEV56vU;6NwbeybX6TDtXlpXvnUOZC;34K7nU8EWQIRI93RfqhdRJ;78Az0Z1vNJgqv9QSB0ULLV;2OErSh4oVVAUll0vHxdr6p;0WQiDwKJclirSYG9v5tayI;20OFwXhEXf12DzwXmaV7fj;1r8oPEXqnhUVgkUkJNqEuF;1GTPRD8z9c7kVDqwGbn52f;25SJaCCPiosugnlY53VhRG;5rDkA2TFOImbiVenmnE9r4;7Ld1YDk8O9SYWPiz2tdo3o;0.9;0.8993135094642639;0.8918060660362244;0.8918060660362244;0.782867968082428;0.7782740592956543;0.7732039093971252;0.7551820278167725;0.7499907612800598;0.7349985241889954;0.7349985241889954;0.7260380387306213;0.7220180630683899;0.7209917902946472;0.7201109528541565;0.715668797492981;0.7144606709480286;0.7054605484008789;0.7040120363235474;0.7036755084991455;0.702029287815094;0.7005416750907898;0.7005416750907898;0.6979421973228455;0.6876415610313416;0.6855539083480835;0.6823345422744751;0.6810232400894165;0.6788134574890137;0.6730430722236633;0.6730430722236633;0.669715166091919;0.669715166091919;0.6685308814048767;0.6653221845626831;0.6392601132392883;0.6190851926803589;0.5907496809959412;0.5907496809959412;0;1.0;27.0;71.0;Best Matches (2024/11/30);0
3YOKeu2skm73rfn4bGPQHz;['5FQ8tBUtIamA2hRtatrYUF', '5J7rXWjtn5HzUkJ4Jet8Fr'];5LBTfYRqAadXE8DW7gzSPu;1EW3j7tz6kkOE4dIumzc1p;5VTYoFVZ8yQutwMTjP9MiF;2Khm1TiPetapBlVoy5e5hS;7zACUQbWQxzT4aER7ityBV;5jkFvD4UJrmdoezzT1FRoP;1QzFhzIOW7CyRJLpmq5CM0;39LLxExYz6ewLAcYrzQQyP;7Dm3dV3WPNdTgxoNY7YFnc;6g1NlCpW7fgqDnWbCCDrHl;0JhKJg5ejeQ8jq89UQtnw8;4y1LsJpmMti1PfRQV9AWWe;3YZa4IzxK2UtEKTvdTgsi8;20I8RduZC2PWMWTDCZuuAN;6nTiIhLmQ3FWhvrGafw2zj;2AwrViURxCTIiEeaRu0uDb;5TNhjanmvwvmjCz2WYwSAv;5AJrhrwz4oSZX2PwwV4qrN;5W3cjX2J3tjhG8zb6u0qHn;7aDotQpUKpGFrOsrfQAxNc;5QTxFnGygVM4jFQiBovmRo;4lB8SqU4KfzB0QjfEIAssb;3ixTiPABjqkBKPocxq6oIe;2374M0fQpWi3dLnB54qaLX;5vmRQ3zELMLUQPo2FLQ76x;3LTMnFa0hhwisyq6ILahyj;4E4Gxykl5nYMSIwlIVzjGr;7ACxUo21jtTHzy7ZEV56vU;6NwbeybX6TDtXlpXvnUOZC;34K7nU8EWQIRI93RfqhdRJ;78Az0Z1vNJgqv9QSB0ULLV;2OErSh4oVVAUll0vHxdr6p;0WQiDwKJclirSYG9v5tayI;20OFwXhEXf12DzwXmaV7fj;1r8oPEXqnhUVgkUkJNqEuF;1GTPRD8z9c7kVDqwGbn52f;25SJaCCPiosugnlY53VhRG;5rDkA2TFOImbiVenmnE9r4;7Ld1YDk8O9SYWPiz2tdo3o;0.9;0.8993135094642639;0.8918060660362244;0.8918060660362244;0.782867968082428;0.7782740592956543;0.7732039093971252;0.7551820278167725;0.7499907612800598;0.7349985241889954;0.7349985241889954;0.7260380387306213;0.7220180630683899;0.7209917902946472;0.7201109528541565;0.715668797492981;0.7144606709480286;0.7054605484008789;0.7040120363235474;0.7036755084991455;0.702029287815094;0.7005416750907898;0.7005416750907898;0.6979421973228455;0.6876415610313416;0.6855539083480835;0.6823345422744751;0.6810232400894165;0.6788134574890137;0.6730430722236633;0.6730430722236633;0.669715166091919;0.669715166091919;0.6685308814048767;0.6653221845626831;0.6392601132392883;0.6190851926803589;0.5907496809959412;0.5907496809959412;0;1.0;0.0;67.0;Best Matches (2024/11/30);0
2H30WL3exSctlDC9GyRbD4;['48vDIufGC8ujPuBiTxY8dm'];4E4Gxykl5nYMSIwlIVzjGr;20I8RduZC2PWMWTDCZuuAN;78Az0Z1vNJgqv9QSB0ULLV;34K7nU8EWQIRI93RfqhdRJ;1r8oPEXqnhUVgkUkJNqEuF;5AJrhrwz4oSZX2PwwV4qrN;1QzFhzIOW7CyRJLpmq5CM0;4lB8SqU4KfzB0QjfEIAssb;3ixTiPABjqkBKPocxq6oIe;25SJaCCPiosugnlY53VhRG;7Dm3dV3WPNdTgxoNY7YFnc;2AwrViURxCTIiEeaRu0uDb;2OErSh4oVVAUll0vHxdr6p;0WQiDwKJclirSYG9v5tayI;3YZa4IzxK2UtEKTvdTgsi8;5QTxFnGygVM4jFQiBovmRo;6nTiIhLmQ3FWhvrGafw2zj;3LTMnFa0hhwisyq6ILahyj;7ACxUo21jtTHzy7ZEV56vU;2374M0fQpWi3dLnB54qaLX;5TNhjanmvwvmjCz2WYwSAv;4y1LsJpmMti1PfRQV9AWWe;20OFwXhEXf12DzwXmaV7fj;39LLxExYz6ewLAcYrzQQyP;7zACUQbWQxzT4aER7ityBV;5VTYoFVZ8yQutwMTjP9MiF;2Khm1TiPetapBlVoy5e5hS;5jkFvD4UJrmdoezzT1FRoP;5LBTfYRqAadXE8DW7gzSPu;5W3cjX2J3tjhG8zb6u0qHn;7aDotQpUKpGFrOsrfQAxNc;5vmRQ3zELMLUQPo2FLQ76x;6g1NlCpW7fgqDnWbCCDrHl;0JhKJg5ejeQ8jq89UQtnw8;6NwbeybX6TDtXlpXvnUOZC;1EW3j7tz6kkOE4dIumzc1p;1GTPRD8z9c7kVDqwGbn52f;5rDkA2TFOImbiVenmnE9r4;7Ld1YDk8O9SYWPiz2tdo3o;0.9;0.8603038787841797;0.8539606332778931;0.8539606332778931;0.834421694278717;0.8248298168182373;0.8193925023078918;0.8152086138725281;0.8152086138725281;0.8116977214813232;0.8112741112709045;0.8053106665611267;0.8046252131462097;0.8046252131462097;0.8021052479743958;0.8020305633544922;0.8007631301879883;0.7965975999832153;0.7925868034362793;0.7914592027664185;0.7878948450088501;0.7859054803848267;0.78090900182724;0.7737744450569153;0.7714942693710327;0.7709934711456299;0.7709934711456299;0.7693889737129211;0.7653453350067139;0.7645413279533386;0.7631554007530212;0.7514404654502869;0.7480530142784119;0.7480530142784119;0.7395786643028259;0.7219797968864441;0.7165544033050537;0.6656167507171631;0.6656167507171631;0;1.0;66.0;61.0;Best Matches (2024/11/30);0
77eb7DGxwuA3ID69HQeDsE;['4AzAfQNuAyKOFG4DZMsdAo'];20I8RduZC2PWMWTDCZuuAN;34K7nU8EWQIRI93RfqhdRJ;78Az0Z1vNJgqv9QSB0ULLV;4E4Gxykl5nYMSIwlIVzjGr;4lB8SqU4KfzB0QjfEIAssb;3ixTiPABjqkBKPocxq6oIe;5AJrhrwz4oSZX2PwwV4qrN;1r8oPEXqnhUVgkUkJNqEuF;0WQiDwKJclirSYG9v5tayI;2OErSh4oVVAUll0vHxdr6p;25SJaCCPiosugnlY53VhRG;1QzFhzIOW7CyRJLpmq5CM0;2AwrViURxCTIiEeaRu0uDb;3YZa4IzxK2UtEKTvdTgsi8;6nTiIhLmQ3FWhvrGafw2zj;4y1LsJpmMti1PfRQV9AWWe;5QTxFnGygVM4jFQiBovmRo;7ACxUo21jtTHzy7ZEV56vU;5TNhjanmvwvmjCz2WYwSAv;7Dm3dV3WPNdTgxoNY7YFnc;39LLxExYz6ewLAcYrzQQyP;3LTMnFa0hhwisyq6ILahyj;7zACUQbWQxzT4aER7ityBV;5W3cjX2J3tjhG8zb6u0qHn;20OFwXhEXf12DzwXmaV7fj;5jkFvD4UJrmdoezzT1FRoP;5vmRQ3zELMLUQPo2FLQ76x;5LBTfYRqAadXE8DW7gzSPu;5VTYoFVZ8yQutwMTjP9MiF;2Khm1TiPetapBlVoy5e5hS;2374M0fQpWi3dLnB54qaLX;6NwbeybX6TDtXlpXvnUOZC;7aDotQpUKpGFrOsrfQAxNc;6g1NlCpW7fgqDnWbCCDrHl;0JhKJg5ejeQ8jq89UQtnw8;1EW3j7tz6kkOE4dIumzc1p;1GTPRD8z9c7kVDqwGbn52f;5rDkA2TFOImbiVenmnE9r4;7Ld1YDk8O9SYWPiz2tdo3o;0.9;0.8301299810409546;0.8301299810409546;0.8138287663459778;0.7873201966285706;0.7873201966285706;0.7817477583885193;0.7761884331703186;0.7751379013061523;0.7751379013061523;0.7567217946052551;0.7420139312744141;0.7342711091041565;0.7301120758056641;0.7277067303657532;0.7229365706443787;0.7216929793357849;0.7209492921829224;0.7165654897689819;0.7159054279327393;0.7123410105705261;0.710111677646637;0.7067599296569824;0.6986668705940247;0.6980003118515015;0.697424054145813;0.6944814920425415;0.6928175687789917;0.6907979846000671;0.6907979846000671;0.6904136538505554;0.678515613079071;0.6780812740325928;0.6700361371040344;0.6700361371040344;0.6570324301719666;0.6448310613632202;0.6231134533882141;0.6231134533882141;0;1.0;52.0;53.0;Best Matches (2024/11/30);0
7H5WVBQdSnJ1zmu8JoD6pg;['22RISwgVJyZu9lpqAcv1F5'];20I8RduZC2PWMWTDCZuuAN;78Az0Z1vNJgqv9QSB0ULLV;34K7nU8EWQIRI93RfqhdRJ;4E4Gxykl5nYMSIwlIVzjGr;1r8oPEXqnhUVgkUkJNqEuF;5AJrhrwz4oSZX2PwwV4qrN;6nTiIhLmQ3FWhvrGafw2zj;5QTxFnGygVM4jFQiBovmRo;4lB8SqU4KfzB0QjfEIAssb;3ixTiPABjqkBKPocxq6oIe;2AwrViURxCTIiEeaRu0uDb;7Dm3dV3WPNdTgxoNY7YFnc;0WQiDwKJclirSYG9v5tayI;2OErSh4oVVAUll0vHxdr6p;7ACxUo21jtTHzy7ZEV56vU;3YZa4IzxK2UtEKTvdTgsi8;3LTMnFa0hhwisyq6ILahyj;4y1LsJpmMti1PfRQV9AWWe;2374M0fQpWi3dLnB54qaLX;25SJaCCPiosugnlY53VhRG;1QzFhzIOW7CyRJLpmq5CM0;5TNhjanmvwvmjCz2WYwSAv;20OFwXhEXf12DzwXmaV7fj;5VTYoFVZ8yQutwMTjP9MiF;2Khm1TiPetapBlVoy5e5hS;5jkFvD4UJrmdoezzT1FRoP;6NwbeybX6TDtXlpXvnUOZC;39LLxExYz6ewLAcYrzQQyP;5W3cjX2J3tjhG8zb6u0qHn;7aDotQpUKpGFrOsrfQAxNc;7zACUQbWQxzT4aER7ityBV;5vmRQ3zELMLUQPo2FLQ76x;6g1NlCpW7fgqDnWbCCDrHl;0JhKJg5ejeQ8jq89UQtnw8;5LBTfYRqAadXE8DW7gzSPu;1GTPRD8z9c7kVDqwGbn52f;1EW3j7tz6kkOE4dIumzc1p;5rDkA2TFOImbiVenmnE9r4;7Ld1YDk8O9SYWPiz2tdo3o;0.89;0.8654693365097046;0.8654693365097046;0.8616428971290588;0.8421779870986938;0.8340547680854797;0.8324935436248779;0.8239477276802063;0.8216827511787415;0.8216827511787415;0.8169527053833008;0.8158218264579773;0.813668429851532;0.813668429851532;0.8094534277915955;0.8071964979171753;0.7974557280540466;0.7943383455276489;0.7938789129257202;0.7879436612129211;0.7837328314781189;0.7778086066246033;0.7708320617675781;0.7576669454574585;0.7576669454574585;0.7509860396385193;0.7481258511543274;0.7473893165588379;0.7470988631248474;0.7435176372528076;0.7413831353187561;0.7320533394813538;0.7280635237693787;0.7280635237693787;0.7083420753479004;0.6847962737083435;0.6794466972351074;0.6294439435005188;0.6294439435005188;0;1.0;62.0;61.0;Best Matches (2024/11/30);0
6GG73Jik4jUlQCkKg9JuGO;['3Ayl7mCk0nScecqOzvNp6s'];1r8oPEXqnhUVgkUkJNqEuF;5QTxFnGygVM4jFQiBovmRo;7ACxUo21jtTHzy7ZEV56vU;6nTiIhLmQ3FWhvrGafw2zj;20I8RduZC2PWMWTDCZuuAN;7Dm3dV3WPNdTgxoNY7YFnc;3YZa4IzxK2UtEKTvdTgsi8;2AwrViURxCTIiEeaRu0uDb;7aDotQpUKpGFrOsrfQAxNc;39LLxExYz6ewLAcYrzQQyP;4y1LsJpmMti1PfRQV9AWWe;2374M0fQpWi3dLnB54qaLX;5TNhjanmvwvmjCz2WYwSAv;5W3cjX2J3tjhG8zb6u0qHn;6NwbeybX6TDtXlpXvnUOZC;0WQiDwKJclirSYG9v5tayI;2OErSh4oVVAUll0vHxdr6p;5jkFvD4UJrmdoezzT1FRoP;3LTMnFa0hhwisyq6ILahyj;20OFwXhEXf12DzwXmaV7fj;5vmRQ3zELMLUQPo2FLQ76x;5AJrhrwz4oSZX2PwwV4qrN;0JhKJg5ejeQ8jq89UQtnw8;6g1NlCpW7fgqDnWbCCDrHl;1QzFhzIOW7CyRJLpmq5CM0;7zACUQbWQxzT4aER7ityBV;34K7nU8EWQIRI93RfqhdRJ;78Az0Z1vNJgqv9QSB0ULLV;4E4Gxykl5nYMSIwlIVzjGr;3ixTiPABjqkBKPocxq6oIe;4lB8SqU4KfzB0QjfEIAssb;2Khm1TiPetapBlVoy5e5hS;5VTYoFVZ8yQutwMTjP9MiF;1GTPRD8z9c7kVDqwGbn52f;25SJaCCPiosugnlY53VhRG;1EW3j7tz6kkOE4dIumzc1p;5LBTfYRqAadXE8DW7gzSPu;5rDkA2TFOImbiVenmnE9r4;7Ld1YDk8O9SYWPiz2tdo3o;0.89;0.8823986053466797;0.8757503032684326;0.8693557381629944;0.8533079624176025;0.8373307585716248;0.8359461426734924;0.8356215953826904;0.8196610808372498;0.8169360756874084;0.816754162311554;0.8134892582893372;0.8108168244361877;0.8088117241859436;0.806176483631134;0.7939419746398926;0.7939419746398926;0.7934877276420593;0.7911943793296814;0.7878491282463074;0.7854401469230652;0.779137134552002;0.7778308391571045;0.7778308391571045;0.7727378606796265;0.7658389806747437;0.7645760774612427;0.7645760774612427;0.7607336044311523;0.7571633458137512;0.7571633458137512;0.7431610226631165;0.7431610226631165;0.727483868598938;0.7258660197257996;0.7241625189781189;0.6913262605667114;0.6381151676177979;0.6381151676177979;0;1.0;80.0;70.0;Best Matches (2024/11/30);0
35p0Z5yZDogaXoWXhMVEv4;['4aEnNH9PuU1HF3TsZTru54'];7zACUQbWQxzT4aER7ityBV;0JhKJg5ejeQ8jq89UQtnw8;6g1NlCpW7fgqDnWbCCDrHl;39LLxExYz6ewLAcYrzQQyP;5jkFvD4UJrmdoezzT1FRoP;1QzFhzIOW7CyRJLpmq5CM0;20I8RduZC2PWMWTDCZuuAN;4y1LsJpmMti1PfRQV9AWWe;5AJrhrwz4oSZX2PwwV4qrN;7Dm3dV3WPNdTgxoNY7YFnc;3YZa4IzxK2UtEKTvdTgsi8;5QTxFnGygVM4jFQiBovmRo;5vmRQ3zELMLUQPo2FLQ76x;20OFwXhEXf12DzwXmaV7fj;2AwrViURxCTIiEeaRu0uDb;5W3cjX2J3tjhG8zb6u0qHn;7ACxUo21jtTHzy7ZEV56vU;4E4Gxykl5nYMSIwlIVzjGr;2374M0fQpWi3dLnB54qaLX;1EW3j7tz6kkOE4dIumzc1p;6nTiIhLmQ3FWhvrGafw2zj;1r8oPEXqnhUVgkUkJNqEuF;3LTMnFa0hhwisyq6ILahyj;5LBTfYRqAadXE8DW7gzSPu;25SJaCCPiosugnlY53VhRG;5TNhjanmvwvmjCz2WYwSAv;5VTYoFVZ8yQutwMTjP9MiF;2Khm1TiPetapBlVoy5e5hS;3ixTiPABjqkBKPocxq6oIe;4lB8SqU4KfzB0QjfEIAssb;7aDotQpUKpGFrOsrfQAxNc;78Az0Z1vNJgqv9QSB0ULLV;34K7nU8EWQIRI93RfqhdRJ;6NwbeybX6TDtXlpXvnUOZC;0WQiDwKJclirSYG9v5tayI;2OErSh4oVVAUll0vHxdr6p;7Ld1YDk8O9SYWPiz2tdo3o;5rDkA2TFOImbiVenmnE9r4;1GTPRD8z9c7kVDqwGbn52f;0.89;0.8649358749389648;0.8649358749389648;0.8201711177825928;0.8052341341972351;0.80072021484375;0.7956287264823914;0.7901517152786255;0.7797404527664185;0.7752547860145569;0.7723833322525024;0.7698724865913391;0.7687028050422668;0.7637531161308289;0.7554515600204468;0.7554439306259155;0.7502343654632568;0.7483240365982056;0.748136579990387;0.7436911463737488;0.739571213722229;0.73508620262146;0.7313680648803711;0.727712869644165;0.7259222269058228;0.7221059799194336;0.7211254239082336;0.7211254239082336;0.7080341577529907;0.7080341577529907;0.7044747471809387;0.6987693309783936;0.6987693309783936;0.6982781887054443;0.6847605109214783;0.6847605109214783;0.6740641593933105;0.6740641593933105;0.6504108309745789;0;1.0;56.0;59.0;Best Matches (2024/11/30);0
6x0eMOT5uyCgtmOxzWVATc;['2HkAI0YrEcgoR8QdaURqhO', '1mGmUYhGojtkileWedA5LN', '1pgDilWYDWLoOgGjf1iHNu'];6g1NlCpW7fgqDnWbCCDrHl;0JhKJg5ejeQ8jq89UQtnw8;7zACUQbWQxzT4aER7ityBV;39LLxExYz6ewLAcYrzQQyP;4y1LsJpmMti1PfRQV9AWWe;5AJrhrwz4oSZX2PwwV4qrN;1QzFhzIOW7CyRJLpmq5CM0;20I8RduZC2PWMWTDCZuuAN;5jkFvD4UJrmdoezzT1FRoP;3YZa4IzxK2UtEKTvdTgsi8;5vmRQ3zELMLUQPo2FLQ76x;4lB8SqU4KfzB0QjfEIAssb;3ixTiPABjqkBKPocxq6oIe;2AwrViURxCTIiEeaRu0uDb;6nTiIhLmQ3FWhvrGafw2zj;7Dm3dV3WPNdTgxoNY7YFnc;1EW3j7tz6kkOE4dIumzc1p;5QTxFnGygVM4jFQiBovmRo;34K7nU8EWQIRI93RfqhdRJ;78Az0Z1vNJgqv9QSB0ULLV;4E4Gxykl5nYMSIwlIVzjGr;5W3cjX2J3tjhG8zb6u0qHn;7ACxUo21jtTHzy7ZEV56vU;5LBTfYRqAadXE8DW7gzSPu;3LTMnFa0hhwisyq6ILahyj;25SJaCCPiosugnlY53VhRG;5TNhjanmvwvmjCz2WYwSAv;7aDotQpUKpGFrOsrfQAxNc;1r8oPEXqnhUVgkUkJNqEuF;2OErSh4oVVAUll0vHxdr6p;0WQiDwKJclirSYG9v5tayI;2374M0fQpWi3dLnB54qaLX;20OFwXhEXf12DzwXmaV7fj;6NwbeybX6TDtXlpXvnUOZC;2Khm1TiPetapBlVoy5e5hS;5VTYoFVZ8yQutwMTjP9MiF;1GTPRD8z9c7kVDqwGbn52f;7Ld1YDk8O9SYWPiz2tdo3o;5rDkA2TFOImbiVenmnE9r4;0.89;0.8937957882881165;0.8232399821281433;0.7177413105964661;0.7134559154510498;0.7113363146781921;0.7101450562477112;0.6980260014533997;0.6916303634643555;0.6847323775291443;0.6819321513175964;0.6738291382789612;0.6738291382789612;0.6732682585716248;0.6680883169174194;0.6660045981407166;0.6657701134681702;0.665088951587677;0.6625959873199463;0.6625959873199463;0.6613000631332397;0.657291829586029;0.6544716358184814;0.6543378233909607;0.6519066691398621;0.6494160294532776;0.6460908651351929;0.6453649997711182;0.6437562108039856;0.6437088251113892;0.6437088251113892;0.6406209468841553;0.6380858421325684;0.6357895135879517;0.6250036954879761;0.6250036954879761;0.6039614677429199;0.5756217241287231;0.5756217241287231;0;1.0;59.0;72.0;Best Matches (2024/11/30);0
6tifCCTIVBLC2TmTquYG7G;['5he5w2lnU9x7JFhnwcekXX', '62k5LKMhymqlDNo2DWOvvv', '1hQuWl1dueM7ChRUZRn05z'];0JhKJg5ejeQ8jq89UQtnw8;6g1NlCpW7fgqDnWbCCDrHl;7zACUQbWQxzT4aER7ityBV;5jkFvD4UJrmdoezzT1FRoP;39LLxExYz6ewLAcYrzQQyP;5W3cjX2J3tjhG8zb6u0qHn;1QzFhzIOW7CyRJLpmq5CM0;4y1LsJpmMti1PfRQV9AWWe;5QTxFnGygVM4jFQiBovmRo;3YZa4IzxK2UtEKTvdTgsi8;7Dm3dV3WPNdTgxoNY7YFnc;2AwrViURxCTIiEeaRu0uDb;5vmRQ3zELMLUQPo2FLQ76x;5AJrhrwz4oSZX2PwwV4qrN;7ACxUo21jtTHzy7ZEV56vU;6nTiIhLmQ3FWhvrGafw2zj;20I8RduZC2PWMWTDCZuuAN;5TNhjanmvwvmjCz2WYwSAv;2374M0fQpWi3dLnB54qaLX;7aDotQpUKpGFrOsrfQAxNc;4lB8SqU4KfzB0QjfEIAssb;3ixTiPABjqkBKPocxq6oIe;20OFwXhEXf12DzwXmaV7fj;78Az0Z1vNJgqv9QSB0ULLV;34K7nU8EWQIRI93RfqhdRJ;3LTMnFa0hhwisyq6ILahyj;6NwbeybX6TDtXlpXvnUOZC;1r8oPEXqnhUVgkUkJNqEuF;4E4Gxykl5nYMSIwlIVzjGr;2OErSh4oVVAUll0vHxdr6p;0WQiDwKJclirSYG9v5tayI;1EW3j7tz6kkOE4dIumzc1p;1GTPRD8z9c7kVDqwGbn52f;25SJaCCPiosugnlY53VhRG;5VTYoFVZ8yQutwMTjP9MiF;2Khm1TiPetapBlVoy5e5hS;5LBTfYRqAadXE8DW7gzSPu;5rDkA2TFOImbiVenmnE9r4;7Ld1YDk8O9SYWPiz2tdo3o;0.89;0.894050121307373;0.8238453269004822;0.8189975619316101;0.816953182220459;0.7986561059951782;0.776952862739563;0.7695848345756531;0.7666290402412415;0.7653948664665222;0.7645242214202881;0.7596195936203003;0.756820023059845;0.7504047751426697;0.746382474899292;0.7413752675056458;0.7392807006835938;0.7382063269615173;0.7372924089431763;0.7298329472541809;0.729266881942749;0.729266881942749;0.7252597808837891;0.7232561111450195;0.7232561111450195;0.7210917472839355;0.7199859023094177;0.7023860812187195;0.699242115020752;0.6955934166908264;0.6955934166908264;0.6953088045120239;0.6819952130317688;0.6763367652893066;0.6571206450462341;0.6571206450462341;0.6542486548423767;0.63824063539505;0.63824063539505;0;1.0;63.0;77.0;Best Matches (2024/11/30);0
5vazlZCYJK4IxBO6Q9Oii3;['6r26MaDr8bqNALjXgYPXMa'];5QTxFnGygVM4jFQiBovmRo;1r8oPEXqnhUVgkUkJNqEuF;7ACxUo21jtTHzy7ZEV56vU;2AwrViURxCTIiEeaRu0uDb;7aDotQpUKpGFrOsrfQAxNc;6nTiIhLmQ3FWhvrGafw2zj;3YZa4IzxK2UtEKTvdTgsi8;5TNhjanmvwvmjCz2WYwSAv;20I8RduZC2PWMWTDCZuuAN;7Dm3dV3WPNdTgxoNY7YFnc;6NwbeybX6TDtXlpXvnUOZC;4y1LsJpmMti1PfRQV9AWWe;2374M0fQpWi3dLnB54qaLX;39LLxExYz6ewLAcYrzQQyP;1QzFhzIOW7CyRJLpmq5CM0;0WQiDwKJclirSYG9v5tayI;2OErSh4oVVAUll0vHxdr6p;5W3cjX2J3tjhG8zb6u0qHn;5AJrhrwz4oSZX2PwwV4qrN;3LTMnFa0hhwisyq6ILahyj;78Az0Z1vNJgqv9QSB0ULLV;34K7nU8EWQIRI93RfqhdRJ;5jkFvD4UJrmdoezzT1FRoP;5vmRQ3zELMLUQPo2FLQ76x;20OFwXhEXf12DzwXmaV7fj;4E4Gxykl5nYMSIwlIVzjGr;3ixTiPABjqkBKPocxq6oIe;4lB8SqU4KfzB0QjfEIAssb;0JhKJg5ejeQ8jq89UQtnw8;6g1NlCpW7fgqDnWbCCDrHl;1EW3j7tz6kkOE4dIumzc1p;7zACUQbWQxzT4aER7ityBV;1GTPRD8z9c7kVDqwGbn52f;25SJaCCPiosugnlY53VhRG;5VTYoFVZ8yQutwMTjP9MiF;2Khm1TiPetapBlVoy5e5hS;5LBTfYRqAadXE8DW7gzSPu;5rDkA2TFOImbiVenmnE9r4;7Ld1YDk8O9SYWPiz2tdo3o;0.89;0.8716107606887817;0.8646555542945862;0.8605087995529175;0.8596319556236267;0.8573620319366455;0.8563596606254578;0.8494667410850525;0.8399679064750671;0.8368140459060669;0.8286154270172119;0.8254193663597107;0.8248609304428101;0.8183509707450867;0.8182035088539124;0.8181545734405518;0.8181545734405518;0.8136288523674011;0.8107835054397583;0.8061642646789551;0.7914249897003174;0.7914249897003174;0.7911465764045715;0.7889854311943054;0.7880419492721558;0.7860208749771118;0.778827428817749;0.778827428817749;0.7708176970481873;0.7708176970481873;0.7702099084854126;0.7662107944488525;0.7443270683288574;0.7439508438110352;0.743809163570404;0.743809163570404;0.7255585789680481;0.6730368137359619;0.6730368137359619;0;1.0;32.0;40.0;Best Matches (2024/11/30);0
4gVZhkcsZcwQ4mU1gEeXEO;['355SqtHY4qKt2wIXrWku0c'];4E4Gxykl5nYMSIwlIVzjGr;1GTPRD8z9c7kVDqwGbn52f;1r8oPEXqnhUVgkUkJNqEuF;20I8RduZC2PWMWTDCZuuAN;1QzFhzIOW7CyRJLpmq5CM0;5AJrhrwz4oSZX2PwwV4qrN;7zACUQbWQxzT4aER7ityBV;5jkFvD4UJrmdoezzT1FRoP;2AwrViURxCTIiEeaRu0uDb;7ACxUo21jtTHzy7ZEV56vU;5QTxFnGygVM4jFQiBovmRo;78Az0Z1vNJgqv9QSB0ULLV;34K7nU8EWQIRI93RfqhdRJ;39LLxExYz6ewLAcYrzQQyP;5TNhjanmvwvmjCz2WYwSAv;3YZa4IzxK2UtEKTvdTgsi8;0JhKJg5ejeQ8jq89UQtnw8;6g1NlCpW7fgqDnWbCCDrHl;6nTiIhLmQ3FWhvrGafw2zj;7Dm3dV3WPNdTgxoNY7YFnc;7aDotQpUKpGFrOsrfQAxNc;2OErSh4oVVAUll0vHxdr6p;0WQiDwKJclirSYG9v5tayI;3ixTiPABjqkBKPocxq6oIe;4lB8SqU4KfzB0QjfEIAssb;3LTMnFa0hhwisyq6ILahyj;4y1LsJpmMti1PfRQV9AWWe;5W3cjX2J3tjhG8zb6u0qHn;20OFwXhEXf12DzwXmaV7fj;25SJaCCPiosugnlY53VhRG;2374M0fQpWi3dLnB54qaLX;5vmRQ3zELMLUQPo2FLQ76x;6NwbeybX6TDtXlpXvnUOZC;2Khm1TiPetapBlVoy5e5hS;5VTYoFVZ8yQutwMTjP9MiF;5LBTfYRqAadXE8DW7gzSPu;1EW3j7tz6kkOE4dIumzc1p;7Ld1YDk8O9SYWPiz2tdo3o;5rDkA2TFOImbiVenmnE9r4;0.89;0.8303076028823853;0.76296466588974;0.7578436136245728;0.7378278970718384;0.7356090545654297;0.7307473421096802;0.7283624410629272;0.7250834703445435;0.7234724760055542;0.7196153402328491;0.7185389995574951;0.7185389995574951;0.7140762805938721;0.7116695046424866;0.7112447023391724;0.7092230319976807;0.7092230319976807;0.7071577310562134;0.7047377824783325;0.7022596001625061;0.7017012238502502;0.7017012238502502;0.7000513076782227;0.7000513076782227;0.6999863386154175;0.6949817538261414;0.694775402545929;0.688225507736206;0.6872649788856506;0.6750511527061462;0.674355149269104;0.674109697341919;0.6689102053642273;0.6689102053642273;0.6616877913475037;0.6555798649787903;0.6408805251121521;0.6408805251121521;0;1.0;57.0;47.0;Best Matches (2024/11/30);0
5f8B1wdJbXv1DUz6KR4drD;['31UoyJXnXTjUzdwSX1Ylg5'];39LLxExYz6ewLAcYrzQQyP;7aDotQpUKpGFrOsrfQAxNc;1r8oPEXqnhUVgkUkJNqEuF;6nTiIhLmQ3FWhvrGafw2zj;1QzFhzIOW7CyRJLpmq5CM0;0WQiDwKJclirSYG9v5tayI;2OErSh4oVVAUll0vHxdr6p;5vmRQ3zELMLUQPo2FLQ76x;7zACUQbWQxzT4aER7ityBV;1GTPRD8z9c7kVDqwGbn52f;5QTxFnGygVM4jFQiBovmRo;5TNhjanmvwvmjCz2WYwSAv;5jkFvD4UJrmdoezzT1FRoP;6g1NlCpW7fgqDnWbCCDrHl;0JhKJg5ejeQ8jq89UQtnw8;5W3cjX2J3tjhG8zb6u0qHn;20I8RduZC2PWMWTDCZuuAN;4E4Gxykl5nYMSIwlIVzjGr;4y1LsJpmMti1PfRQV9AWWe;3YZa4IzxK2UtEKTvdTgsi8;2AwrViURxCTIiEeaRu0uDb;6NwbeybX6TDtXlpXvnUOZC;5AJrhrwz4oSZX2PwwV4qrN;7Dm3dV3WPNdTgxoNY7YFnc;3ixTiPABjqkBKPocxq6oIe;4lB8SqU4KfzB0QjfEIAssb;7ACxUo21jtTHzy7ZEV56vU;2374M0fQpWi3dLnB54qaLX;3LTMnFa0hhwisyq6ILahyj;34K7nU8EWQIRI93RfqhdRJ;78Az0Z1vNJgqv9QSB0ULLV;5LBTfYRqAadXE8DW7gzSPu;1EW3j7tz6kkOE4dIumzc1p;2Khm1TiPetapBlVoy5e5hS;5VTYoFVZ8yQutwMTjP9MiF;20OFwXhEXf12DzwXmaV7fj;25SJaCCPiosugnlY53VhRG;7Ld1YDk8O9SYWPiz2tdo3o;5rDkA2TFOImbiVenmnE9r4;0.89;0.8768423199653625;0.8084326386451721;0.8015682697296143;0.789164662361145;0.7840789556503296;0.7840789556503296;0.7817336916923523;0.7811321020126343;0.778654932975769;0.7662633657455444;0.7630501985549927;0.758807897567749;0.7532468438148499;0.7532468438148499;0.7514249086380005;0.7504356503486633;0.7496788501739502;0.7489835023880005;0.7469962239265442;0.7466023564338684;0.7462157607078552;0.7443177700042725;0.7372885346412659;0.7362611889839172;0.7362611889839172;0.7355487942695618;0.7042405009269714;0.7013856768608093;0.7013853788375854;0.7013853788375854;0.7011734247207642;0.6987271904945374;0.6962196230888367;0.6962196230888367;0.6942061185836792;0.6636995673179626;0.6042299270629883;0.6042299270629883;0;1.0;44.0;39.0;Best Matches (2024/11/30);0
5CeJU8nNGuwR6LWUzJa5QF;['4wrzxtBZw20ufDstKyTnnP', '6WFDpw4u23uSpon4BHvFRn'];4E4Gxykl5nYMSIwlIVzjGr;20I8RduZC2PWMWTDCZuuAN;1r8oPEXqnhUVgkUkJNqEuF;25SJaCCPiosugnlY53VhRG;78Az0Z1vNJgqv9QSB0ULLV;34K7nU8EWQIRI93RfqhdRJ;4lB8SqU4KfzB0QjfEIAssb;3ixTiPABjqkBKPocxq6oIe;5AJrhrwz4oSZX2PwwV4qrN;0WQiDwKJclirSYG9v5tayI;2OErSh4oVVAUll0vHxdr6p;1QzFhzIOW7CyRJLpmq5CM0;7ACxUo21jtTHzy7ZEV56vU;5QTxFnGygVM4jFQiBovmRo;39LLxExYz6ewLAcYrzQQyP;6nTiIhLmQ3FWhvrGafw2zj;5jkFvD4UJrmdoezzT1FRoP;3LTMnFa0hhwisyq6ILahyj;7zACUQbWQxzT4aER7ityBV;3YZa4IzxK2UtEKTvdTgsi8;7Dm3dV3WPNdTgxoNY7YFnc;2AwrViURxCTIiEeaRu0uDb;4y1LsJpmMti1PfRQV9AWWe;5TNhjanmvwvmjCz2WYwSAv;5LBTfYRqAadXE8DW7gzSPu;2374M0fQpWi3dLnB54qaLX;7aDotQpUKpGFrOsrfQAxNc;6g1NlCpW7fgqDnWbCCDrHl;0JhKJg5ejeQ8jq89UQtnw8;5vmRQ3zELMLUQPo2FLQ76x;20OFwXhEXf12DzwXmaV7fj;5W3cjX2J3tjhG8zb6u0qHn;2Khm1TiPetapBlVoy5e5hS;5VTYoFVZ8yQutwMTjP9MiF;1GTPRD8z9c7kVDqwGbn52f;6NwbeybX6TDtXlpXvnUOZC;1EW3j7tz6kkOE4dIumzc1p;7Ld1YDk8O9SYWPiz2tdo3o;5rDkA2TFOImbiVenmnE9r4;0.89;0.8299415111541748;0.819839596748352;0.8194990158081055;0.8121316432952881;0.8121316432952881;0.8037540316581726;0.8037540316581726;0.7960078716278076;0.7937945127487183;0.7937945127487183;0.7786844372749329;0.7763029336929321;0.774983286857605;0.7720372676849365;0.7678388953208923;0.7658839821815491;0.7645087838172913;0.7641434669494629;0.7609270811080933;0.7606330513954163;0.7598139047622681;0.7594690918922424;0.7588993906974792;0.7548741102218628;0.7482742071151733;0.7477548718452454;0.7417260408401489;0.7417260408401489;0.740729570388794;0.7333235740661621;0.7306464314460754;0.7233352065086365;0.7233352065086365;0.7184175848960876;0.7180226445198059;0.6601858139038086;0.6321954727172852;0.6321954727172852;0;1.0;55.0;61.0;Best Matches (2024/11/30);0
0XN65qybmkxjZt3gp90sWT;;;;;;;;;;;;;;;;;;;;;;;;;;;;;;;;;;;;;;;;;;;;;;;;;;;;;;;;;;;;;;;;;;;;;;;;;;;;;;;;1;0.0;;;Best Matches (2024/11/30);0
1rAzOr3zpUDRtN2zsqGHiG;;;;;;;;;;;;;;;;;;;;;;;;;;;;;;;;;;;;;;;;;;;;;;;;;;;;;;;;;;;;;;;;;;;;;;;;;;;;;;;;1;0.0;;;Best Matches (2024/11/30);0
4EEiMtxWNU7k0JHNZdloUI;;;;;;;;;;;;;;;;;;;;;;;;;;;;;;;;;;;;;;;;;;;;;;;;;;;;;;;;;;;;;;;;;;;;;;;;;;;;;;;;1;0.0;;;Best Matches (2024/11/30);0
5mFZipkX1HZ4Idz5LOWpzq;;;;;;;;;;;;;;;;;;;;;;;;;;;;;;;;;;;;;;;;;;;;;;;;;;;;;;;;;;;;;;;;;;;;;;;;;;;;;;;;1;0.0;;;Best Matches (2024/11/30);0
6Et9MYUuK2OkYE3ce2F0oK;;;;;;;;;;;;;;;;;;;;;;;;;;;;;;;;;;;;;;;;;;;;;;;;;;;;;;;;;;;;;;;;;;;;;;;;;;;;;;;;1;0.0;;;Best Matches (2024/11/30);0
6Gn1Gi5zfCgSiTHikrDjni;;;;;;;;;;;;;;;;;;;;;;;;;;;;;;;;;;;;;;;;;;;;;;;;;;;;;;;;;;;;;;;;;;;;;;;;;;;;;;;;1;0.0;;;Best Matches (2024/11/30);0
6aCBjSb87RizdH8lVBIRW7;;;;;;;;;;;;;;;;;;;;;;;;;;;;;;;;;;;;;;;;;;;;;;;;;;;;;;;;;;;;;;;;;;;;;;;;;;;;;;;;1;0.0;;;Best Matches (2024/11/30);0
6i5qhmmF9UNUBRyrPSGn4m;;;;;;;;;;;;;;;;;;;;;;;;;;;;;;;;;;;;;;;;;;;;;;;;;;;;;;;;;;;;;;;;;;;;;;;;;;;;;;;;1;0.0;;;Best Matches (2024/11/30);0
6zfVBdPDopmP36NeHd4O2m;;;;;;;;;;;;;;;;;;;;;;;;;;;;;;;;;;;;;;;;;;;;;;;;;;;;;;;;;;;;;;;;;;;;;;;;;;;;;;;;1;0.0;;;Best Matches (2024/11/30);0
30WnQsvwFeYEd9k08vV7Dl;['6caPJFLv1wesmM7gwK1ACy', '060duYsbrXFx0FDnlhs72T'];39LLxExYz6ewLAcYrzQQyP;7zACUQbWQxzT4aER7ityBV;4y1LsJpmMti1PfRQV9AWWe;5vmRQ3zELMLUQPo2FLQ76x;7Dm3dV3WPNdTgxoNY7YFnc;5TNhjanmvwvmjCz2WYwSAv;7aDotQpUKpGFrOsrfQAxNc;5W3cjX2J3tjhG8zb6u0qHn;5QTxFnGygVM4jFQiBovmRo;2374M0fQpWi3dLnB54qaLX;7ACxUo21jtTHzy7ZEV56vU;6nTiIhLmQ3FWhvrGafw2zj;1QzFhzIOW7CyRJLpmq5CM0;5AJrhrwz4oSZX2PwwV4qrN;2AwrViURxCTIiEeaRu0uDb;0JhKJg5ejeQ8jq89UQtnw8;6g1NlCpW7fgqDnWbCCDrHl;0WQiDwKJclirSYG9v5tayI;2OErSh4oVVAUll0vHxdr6p;1r8oPEXqnhUVgkUkJNqEuF;3ixTiPABjqkBKPocxq6oIe;4lB8SqU4KfzB0QjfEIAssb;3YZa4IzxK2UtEKTvdTgsi8;6NwbeybX6TDtXlpXvnUOZC;3LTMnFa0hhwisyq6ILahyj;5jkFvD4UJrmdoezzT1FRoP;34K7nU8EWQIRI93RfqhdRJ;78Az0Z1vNJgqv9QSB0ULLV;2Khm1TiPetapBlVoy5e5hS;5VTYoFVZ8yQutwMTjP9MiF;20I8RduZC2PWMWTDCZuuAN;4E4Gxykl5nYMSIwlIVzjGr;20OFwXhEXf12DzwXmaV7fj;5LBTfYRqAadXE8DW7gzSPu;1GTPRD8z9c7kVDqwGbn52f;1EW3j7tz6kkOE4dIumzc1p;25SJaCCPiosugnlY53VhRG;7Ld1YDk8O9SYWPiz2tdo3o;5rDkA2TFOImbiVenmnE9r4;0.69;0.6768220663070679;0.6768069267272949;0.6743399500846863;0.6693337559700012;0.6678293943405151;0.6627777218818665;0.6621125936508179;0.6618740558624268;0.6593374013900757;0.6560463309288025;0.655829906463623;0.6544097065925598;0.6534864902496338;0.6471337080001831;0.6468279361724854;0.6468279361724854;0.643652617931366;0.643652617931366;0.642849326133728;0.6428419947624207;0.6428419947624207;0.6394513249397278;0.6331676840782166;0.6274600625038147;0.6214397549629211;0.6212843060493469;0.6212843060493469;0.6199010610580444;0.6199010610580444;0.6191686987876892;0.6182927489280701;0.6133918762207031;0.6111665368080139;0.6077653765678406;0.5960936546325684;0.587845504283905;0.51321941614151;0.51321941614151;0;1.0;60.0;64.0;Fuzzy Stuff (2024/11/30);0
6hUTzxvNiJ1c0lYqgoOTBW;['7gRGh8w4G9zaFJSaIYp8HH'];25SJaCCPiosugnlY53VhRG;20OFwXhEXf12DzwXmaV7fj;39LLxExYz6ewLAcYrzQQyP;1r8oPEXqnhUVgkUkJNqEuF;5vmRQ3zELMLUQPo2FLQ76x;7zACUQbWQxzT4aER7ityBV;20I8RduZC2PWMWTDCZuuAN;5rDkA2TFOImbiVenmnE9r4;7Ld1YDk8O9SYWPiz2tdo3o;5QTxFnGygVM4jFQiBovmRo;4y1LsJpmMti1PfRQV9AWWe;4E4Gxykl5nYMSIwlIVzjGr;5jkFvD4UJrmdoezzT1FRoP;5AJrhrwz4oSZX2PwwV4qrN;6nTiIhLmQ3FWhvrGafw2zj;6g1NlCpW7fgqDnWbCCDrHl;0JhKJg5ejeQ8jq89UQtnw8;7ACxUo21jtTHzy7ZEV56vU;2OErSh4oVVAUll0vHxdr6p;0WQiDwKJclirSYG9v5tayI;1QzFhzIOW7CyRJLpmq5CM0;7aDotQpUKpGFrOsrfQAxNc;5TNhjanmvwvmjCz2WYwSAv;3YZa4IzxK2UtEKTvdTgsi8;3ixTiPABjqkBKPocxq6oIe;4lB8SqU4KfzB0QjfEIAssb;7Dm3dV3WPNdTgxoNY7YFnc;2AwrViURxCTIiEeaRu0uDb;6NwbeybX6TDtXlpXvnUOZC;1GTPRD8z9c7kVDqwGbn52f;5W3cjX2J3tjhG8zb6u0qHn;34K7nU8EWQIRI93RfqhdRJ;78Az0Z1vNJgqv9QSB0ULLV;2374M0fQpWi3dLnB54qaLX;3LTMnFa0hhwisyq6ILahyj;5LBTfYRqAadXE8DW7gzSPu;2Khm1TiPetapBlVoy5e5hS;5VTYoFVZ8yQutwMTjP9MiF;1EW3j7tz6kkOE4dIumzc1p;0.69;0.6832616925239563;0.667944073677063;0.6604495048522949;0.6563003659248352;0.6532739996910095;0.6487271189689636;0.648480236530304;0.648480236530304;0.6474601626396179;0.6422147154808044;0.641390323638916;0.6409412026405334;0.6406366229057312;0.6387189626693726;0.6384783983230591;0.6384783983230591;0.6349809169769287;0.6332576870918274;0.6332576870918274;0.6313203573226929;0.6283401846885681;0.6185038685798645;0.615023136138916;0.6120341420173645;0.6120341420173645;0.6113811731338501;0.6074128150939941;0.6041155457496643;0.6005082130432129;0.5961644053459167;0.5947069525718689;0.5947069525718689;0.5931032299995422;0.5863982439041138;0.5682623386383057;0.5531596541404724;0.5531596541404724;0.546114981174469;0;1.0;65.0;55.0;Fuzzy Stuff (2024/11/30);0
4QIH0XYnCLoCl1WZIV08Pn;['38GSybQjdc6sxptciOkxMq'];7zACUQbWQxzT4aER7ityBV;5vmRQ3zELMLUQPo2FLQ76x;39LLxExYz6ewLAcYrzQQyP;2Khm1TiPetapBlVoy5e5hS;5VTYoFVZ8yQutwMTjP9MiF;4y1LsJpmMti1PfRQV9AWWe;0JhKJg5ejeQ8jq89UQtnw8;6g1NlCpW7fgqDnWbCCDrHl;4E4Gxykl5nYMSIwlIVzjGr;1QzFhzIOW7CyRJLpmq5CM0;5AJrhrwz4oSZX2PwwV4qrN;5LBTfYRqAadXE8DW7gzSPu;1r8oPEXqnhUVgkUkJNqEuF;5jkFvD4UJrmdoezzT1FRoP;2OErSh4oVVAUll0vHxdr6p;0WQiDwKJclirSYG9v5tayI;4lB8SqU4KfzB0QjfEIAssb;3ixTiPABjqkBKPocxq6oIe;20I8RduZC2PWMWTDCZuuAN;6nTiIhLmQ3FWhvrGafw2zj;1EW3j7tz6kkOE4dIumzc1p;25SJaCCPiosugnlY53VhRG;5QTxFnGygVM4jFQiBovmRo;3YZa4IzxK2UtEKTvdTgsi8;7aDotQpUKpGFrOsrfQAxNc;34K7nU8EWQIRI93RfqhdRJ;78Az0Z1vNJgqv9QSB0ULLV;7Dm3dV3WPNdTgxoNY7YFnc;5TNhjanmvwvmjCz2WYwSAv;5W3cjX2J3tjhG8zb6u0qHn;6NwbeybX6TDtXlpXvnUOZC;2AwrViURxCTIiEeaRu0uDb;3LTMnFa0hhwisyq6ILahyj;20OFwXhEXf12DzwXmaV7fj;2374M0fQpWi3dLnB54qaLX;7ACxUo21jtTHzy7ZEV56vU;1GTPRD8z9c7kVDqwGbn52f;7Ld1YDk8O9SYWPiz2tdo3o;5rDkA2TFOImbiVenmnE9r4;0.67;0.6528369784355164;0.6395175457000732;0.6386756896972656;0.6386756896972656;0.6385624408721924;0.6335031986236572;0.6335031986236572;0.6313192844390869;0.6278904676437378;0.625642716884613;0.6235698461532593;0.617943525314331;0.6176500916481018;0.6174634099006653;0.6174634099006653;0.6163707375526428;0.6163707375526428;0.6105921864509583;0.6065135598182678;0.599551260471344;0.5904138684272766;0.5831505656242371;0.5823394060134888;0.5808866024017334;0.5762438774108887;0.5762438774108887;0.5728172063827515;0.5661589503288269;0.5635119080543518;0.5607492923736572;0.5583750009536743;0.546049177646637;0.5435226559638977;0.5422384142875671;0.5397577881813049;0.5232245326042175;0.46466484665870667;0.46466484665870667;0;1.0;67.0;65.0;Fuzzy Stuff (2024/11/30);0
5if52FGNH4mJFR2sh2PxC6;['1a6hwHX0XKVKDpicEmwzCj'];5jkFvD4UJrmdoezzT1FRoP;39LLxExYz6ewLAcYrzQQyP;7zACUQbWQxzT4aER7ityBV;0JhKJg5ejeQ8jq89UQtnw8;6g1NlCpW7fgqDnWbCCDrHl;2AwrViURxCTIiEeaRu0uDb;2Khm1TiPetapBlVoy5e5hS;5VTYoFVZ8yQutwMTjP9MiF;4E4Gxykl5nYMSIwlIVzjGr;5W3cjX2J3tjhG8zb6u0qHn;5TNhjanmvwvmjCz2WYwSAv;1QzFhzIOW7CyRJLpmq5CM0;3YZa4IzxK2UtEKTvdTgsi8;7Dm3dV3WPNdTgxoNY7YFnc;5QTxFnGygVM4jFQiBovmRo;5LBTfYRqAadXE8DW7gzSPu;20I8RduZC2PWMWTDCZuuAN;6NwbeybX6TDtXlpXvnUOZC;5vmRQ3zELMLUQPo2FLQ76x;78Az0Z1vNJgqv9QSB0ULLV;34K7nU8EWQIRI93RfqhdRJ;1EW3j7tz6kkOE4dIumzc1p;4y1LsJpmMti1PfRQV9AWWe;2374M0fQpWi3dLnB54qaLX;5AJrhrwz4oSZX2PwwV4qrN;20OFwXhEXf12DzwXmaV7fj;3LTMnFa0hhwisyq6ILahyj;1GTPRD8z9c7kVDqwGbn52f;7aDotQpUKpGFrOsrfQAxNc;7ACxUo21jtTHzy7ZEV56vU;6nTiIhLmQ3FWhvrGafw2zj;1r8oPEXqnhUVgkUkJNqEuF;4lB8SqU4KfzB0QjfEIAssb;3ixTiPABjqkBKPocxq6oIe;2OErSh4oVVAUll0vHxdr6p;0WQiDwKJclirSYG9v5tayI;25SJaCCPiosugnlY53VhRG;7Ld1YDk8O9SYWPiz2tdo3o;5rDkA2TFOImbiVenmnE9r4;0.67;0.6537272334098816;0.6498141884803772;0.6356596350669861;0.6356596350669861;0.6090782880783081;0.6070125102996826;0.6070125102996826;0.6052650213241577;0.6047082543373108;0.6038832068443298;0.6030621528625488;0.601269006729126;0.5998612642288208;0.5998298525810242;0.5964479446411133;0.5961394906044006;0.5899974703788757;0.5871087908744812;0.5866329669952393;0.5866329669952393;0.5863322019577026;0.5840566754341125;0.5820826292037964;0.5807680487632751;0.5800129175186157;0.5797966718673706;0.5797021985054016;0.5722154378890991;0.572018563747406;0.570888340473175;0.5510221719741821;0.5509388446807861;0.5509388446807861;0.5436646938323975;0.5436646938323975;0.5259672403335571;0.4974414110183716;0.4974414110183716;0;1.0;33.0;50.0;Fuzzy Stuff (2024/11/30);0
0vhJkJHYeztllhU6z2eFUE;['4CflzQprp6nZxKiv0t78tH', '0GOx72r5AAEKRGQFn3xqXK'];7zACUQbWQxzT4aER7ityBV;1QzFhzIOW7CyRJLpmq5CM0;5TNhjanmvwvmjCz2WYwSAv;4E4Gxykl5nYMSIwlIVzjGr;3YZa4IzxK2UtEKTvdTgsi8;0JhKJg5ejeQ8jq89UQtnw8;6g1NlCpW7fgqDnWbCCDrHl;5jkFvD4UJrmdoezzT1FRoP;5AJrhrwz4oSZX2PwwV4qrN;6NwbeybX6TDtXlpXvnUOZC;2AwrViURxCTIiEeaRu0uDb;7ACxUo21jtTHzy7ZEV56vU;5QTxFnGygVM4jFQiBovmRo;4y1LsJpmMti1PfRQV9AWWe;39LLxExYz6ewLAcYrzQQyP;5vmRQ3zELMLUQPo2FLQ76x;34K7nU8EWQIRI93RfqhdRJ;78Az0Z1vNJgqv9QSB0ULLV;7aDotQpUKpGFrOsrfQAxNc;7Dm3dV3WPNdTgxoNY7YFnc;3ixTiPABjqkBKPocxq6oIe;4lB8SqU4KfzB0QjfEIAssb;5W3cjX2J3tjhG8zb6u0qHn;6nTiIhLmQ3FWhvrGafw2zj;1GTPRD8z9c7kVDqwGbn52f;2374M0fQpWi3dLnB54qaLX;2OErSh4oVVAUll0vHxdr6p;0WQiDwKJclirSYG9v5tayI;20OFwXhEXf12DzwXmaV7fj;1EW3j7tz6kkOE4dIumzc1p;20I8RduZC2PWMWTDCZuuAN;3LTMnFa0hhwisyq6ILahyj;2Khm1TiPetapBlVoy5e5hS;5VTYoFVZ8yQutwMTjP9MiF;1r8oPEXqnhUVgkUkJNqEuF;7Ld1YDk8O9SYWPiz2tdo3o;5rDkA2TFOImbiVenmnE9r4;5LBTfYRqAadXE8DW7gzSPu;25SJaCCPiosugnlY53VhRG;0.66;0.655721127986908;0.6190855503082275;0.6186783313751221;0.6103644371032715;0.6103245615959167;0.6103245615959167;0.6084428429603577;0.6067491769790649;0.6046614646911621;0.600837767124176;0.5998035073280334;0.5975533723831177;0.5960249900817871;0.5944402813911438;0.5922264456748962;0.5910552144050598;0.5910552144050598;0.5874980092048645;0.5869236588478088;0.5867162346839905;0.5867162346839905;0.5803987979888916;0.5793867111206055;0.578616201877594;0.575780987739563;0.5742606520652771;0.5742606520652771;0.5726252198219299;0.5725957155227661;0.5725483894348145;0.5682465434074402;0.5681586861610413;0.5681586861610413;0.5587061047554016;0.5584865212440491;0.5584865212440491;0.5552709102630615;0.5341252088546753;0;1.0;59.0;57.0;Fuzzy Stuff (2024/11/30);0
7etkHCIevRXLnNIg0bvxKi;['284mnx33IWcymQEpMxyfHl', '003f4bk13c6Q3gAUXv7dGJ', '0cxXnDhpgxcMMkKddhORHY'];5vmRQ3zELMLUQPo2FLQ76x;7zACUQbWQxzT4aER7ityBV;5AJrhrwz4oSZX2PwwV4qrN;1QzFhzIOW7CyRJLpmq5CM0;5jkFvD4UJrmdoezzT1FRoP;1EW3j7tz6kkOE4dIumzc1p;2AwrViURxCTIiEeaRu0uDb;6g1NlCpW7fgqDnWbCCDrHl;0JhKJg5ejeQ8jq89UQtnw8;3YZa4IzxK2UtEKTvdTgsi8;4y1LsJpmMti1PfRQV9AWWe;39LLxExYz6ewLAcYrzQQyP;7Dm3dV3WPNdTgxoNY7YFnc;2Khm1TiPetapBlVoy5e5hS;5VTYoFVZ8yQutwMTjP9MiF;3LTMnFa0hhwisyq6ILahyj;3ixTiPABjqkBKPocxq6oIe;4lB8SqU4KfzB0QjfEIAssb;4E4Gxykl5nYMSIwlIVzjGr;5LBTfYRqAadXE8DW7gzSPu;25SJaCCPiosugnlY53VhRG;34K7nU8EWQIRI93RfqhdRJ;78Az0Z1vNJgqv9QSB0ULLV;20I8RduZC2PWMWTDCZuuAN;6nTiIhLmQ3FWhvrGafw2zj;5QTxFnGygVM4jFQiBovmRo;2374M0fQpWi3dLnB54qaLX;20OFwXhEXf12DzwXmaV7fj;6NwbeybX6TDtXlpXvnUOZC;2OErSh4oVVAUll0vHxdr6p;0WQiDwKJclirSYG9v5tayI;5TNhjanmvwvmjCz2WYwSAv;5W3cjX2J3tjhG8zb6u0qHn;7ACxUo21jtTHzy7ZEV56vU;7aDotQpUKpGFrOsrfQAxNc;1GTPRD8z9c7kVDqwGbn52f;1r8oPEXqnhUVgkUkJNqEuF;7Ld1YDk8O9SYWPiz2tdo3o;5rDkA2TFOImbiVenmnE9r4;0.65;0.6449813842773438;0.6389601230621338;0.6236357688903809;0.6003878116607666;0.5853757858276367;0.5835407972335815;0.5829517245292664;0.5829517245292664;0.5817047357559204;0.5761569142341614;0.5761216878890991;0.567246675491333;0.5666783452033997;0.5666783452033997;0.5656185150146484;0.5640265941619873;0.5640265941619873;0.5614625215530396;0.5605329871177673;0.559848964214325;0.5549594163894653;0.5549594163894653;0.5515555143356323;0.5510796904563904;0.5485963225364685;0.548499584197998;0.545459508895874;0.53587406873703;0.5357363224029541;0.5357363224029541;0.533459484577179;0.5251030325889587;0.520376443862915;0.5142889618873596;0.5069820880889893;0.492869108915329;0.47206464409828186;0.47206464409828186;0;1.0;38.0;52.0;Fuzzy Stuff (2024/11/30);0
5G2f63n7IPVPPjfNIGih7Q;;;;;;;;;;;;;;;;;;;;;;;;;;;;;;;;;;;;;;;;;;;;;;;;;;;;;;;;;;;;;;;;;;;;;;;;;;;;;;;;0;0.0;93.0;94.0;Fuzzy Stuff (2024/11/30);0
6Qr4ufjYXdEd0KNFd7sJxx;;;;;;;;;;;;;;;;;;;;;;;;;;;;;;;;;;;;;;;;;;;;;;;;;;;;;;;;;;;;;;;;;;;;;;;;;;;;;;;;0;0.0;68.0;90.0;Fuzzy Stuff (2024/11/30);0
3SOaoZ1AfhMjEMCJrdGKEw;;;;;;;;;;;;;;;;;;;;;;;;;;;;;;;;;;;;;;;;;;;;;;;;;;;;;;;;;;;;;;;;;;;;;;;;;;;;;;;;0;0.0;51.0;87.0;Fuzzy Stuff (2024/11/30);0
3dj4wgM3cPeuLwMNHDuBon;;;;;;;;;;;;;;;;;;;;;;;;;;;;;;;;;;;;;;;;;;;;;;;;;;;;;;;;;;;;;;;;;;;;;;;;;;;;;;;;0;0.0;86.0;87.0;Fuzzy Stuff (2024/11/30);0
0M0a2E5H8pUmqDHs0A4931;;;;;;;;;;;;;;;;;;;;;;;;;;;;;;;;;;;;;;;;;;;;;;;;;;;;;;;;;;;;;;;;;;;;;;;;;;;;;;;;0;0.0;68.0;80.0;Fuzzy Stuff (2024/11/30);0
0h3Xy4V4apMraB5NuM8U7Z;;;;;;;;;;;;;;;;;;;;;;;;;;;;;;;;;;;;;;;;;;;;;;;;;;;;;;;;;;;;;;;;;;;;;;;;;;;;;;;;0;0.0;84.0;80.0;Fuzzy Stuff (2024/11/30);0
2GxrNKugF82CnoRFbQfzPf;;;;;;;;;;;;;;;;;;;;;;;;;;;;;;;;;;;;;;;;;;;;;;;;;;;;;;;;;;;;;;;;;;;;;;;;;;;;;;;;0;0.0;84.0;79.0;Fuzzy Stuff (2024/11/30);0
4OssqCixV2Xsxd43wMIQyS;;;;;;;;;;;;;;;;;;;;;;;;;;;;;;;;;;;;;;;;;;;;;;;;;;;;;;;;;;;;;;;;;;;;;;;;;;;;;;;;0;0.0;81.0;78.0;Fuzzy Stuff (2024/11/30);0
5aIVCx5tnk0ntmdiinnYvw;;;;;;;;;;;;;;;;;;;;;;;;;;;;;;;;;;;;;;;;;;;;;;;;;;;;;;;;;;;;;;;;;;;;;;;;;;;;;;;;0;0.0;84.0;78.0;Fuzzy Stuff (2024/11/30);0
1i07MlxQIuFSqNX3x3LkJH;;;;;;;;;;;;;;;;;;;;;;;;;;;;;;;;;;;;;;;;;;;;;;;;;;;;;;;;;;;;;;;;;;;;;;;;;;;;;;;;0;0.0;64.0;75.0;Fuzzy Stuff (2024/11/30);0
3Pbp7cUCx4d3OAkZSCoNvn;;;;;;;;;;;;;;;;;;;;;;;;;;;;;;;;;;;;;;;;;;;;;;;;;;;;;;;;;;;;;;;;;;;;;;;;;;;;;;;;0;0.0;84.0;73.0;Fuzzy Stuff (2024/11/30);0
1bJRd2ey6ER7neSxZwYdAG;;;;;;;;;;;;;;;;;;;;;;;;;;;;;;;;;;;;;;;;;;;;;;;;;;;;;;;;;;;;;;;;;;;;;;;;;;;;;;;;0;0.0;84.0;70.0;Fuzzy Stuff (2024/11/30);0
2Fi6RtngvStwsjskvwabVT;;;;;;;;;;;;;;;;;;;;;;;;;;;;;;;;;;;;;;;;;;;;;;;;;;;;;;;;;;;;;;;;;;;;;;;;;;;;;;;;0;0.0;67.0;68.0;Fuzzy Stuff (2024/11/30);0
2PmoFIT5DrNn7ZHrZGdhVq;;;;;;;;;;;;;;;;;;;;;;;;;;;;;;;;;;;;;;;;;;;;;;;;;;;;;;;;;;;;;;;;;;;;;;;;;;;;;;;;0;0.0;58.0;68.0;Fuzzy Stuff (2024/11/30);0
5wzPDiNVgJ5Rvhjne9Uj3F;;;;;;;;;;;;;;;;;;;;;;;;;;;;;;;;;;;;;;;;;;;;;;;;;;;;;;;;;;;;;;;;;;;;;;;;;;;;;;;;0;0.0;67.0;67.0;Fuzzy Stuff (2024/11/30);0
02YMpD1xbZZzpZbuZNvmD7;;;;;;;;;;;;;;;;;;;;;;;;;;;;;;;;;;;;;;;;;;;;;;;;;;;;;;;;;;;;;;;;;;;;;;;;;;;;;;;;0;0.0;69.0;64.0;Fuzzy Stuff (2024/11/30);0
3M1r9ilL53PLcrLdIuyZ4J;;;;;;;;;;;;;;;;;;;;;;;;;;;;;;;;;;;;;;;;;;;;;;;;;;;;;;;;;;;;;;;;;;;;;;;;;;;;;;;;0;0.0;14.0;64.0;Fuzzy Stuff (2024/11/30);0
6ZXL1A1BVshe1JZ1IY734k;;;;;;;;;;;;;;;;;;;;;;;;;;;;;;;;;;;;;;;;;;;;;;;;;;;;;;;;;;;;;;;;;;;;;;;;;;;;;;;;0;0.0;68.0;64.0;Fuzzy Stuff (2024/11/30);0
1Sr6b1IF9HWhWIwJRp86z7;;;;;;;;;;;;;;;;;;;;;;;;;;;;;;;;;;;;;;;;;;;;;;;;;;;;;;;;;;;;;;;;;;;;;;;;;;;;;;;;0;0.0;0.0;63.0;Fuzzy Stuff (2024/11/30);0
1jJvNlkbQmtRpG9uIUpiYA;;;;;;;;;;;;;;;;;;;;;;;;;;;;;;;;;;;;;;;;;;;;;;;;;;;;;;;;;;;;;;;;;;;;;;;;;;;;;;;;0;0.0;64.0;63.0;Fuzzy Stuff (2024/11/30);0
03W2WiY9OSnUI4F9dy9L60;;;;;;;;;;;;;;;;;;;;;;;;;;;;;;;;;;;;;;;;;;;;;;;;;;;;;;;;;;;;;;;;;;;;;;;;;;;;;;;;0;0.0;74.0;61.0;Fuzzy Stuff (2024/11/30);0
20Y4EAmSXru3foatDg4OqN;;;;;;;;;;;;;;;;;;;;;;;;;;;;;;;;;;;;;;;;;;;;;;;;;;;;;;;;;;;;;;;;;;;;;;;;;;;;;;;;0;0.0;70.0;61.0;Fuzzy Stuff (2024/11/30);0
7m8wiHGjtlJ5UQvqiCjhV5;;;;;;;;;;;;;;;;;;;;;;;;;;;;;;;;;;;;;;;;;;;;;;;;;;;;;;;;;;;;;;;;;;;;;;;;;;;;;;;;0;0.0;67.0;60.0;Fuzzy Stuff (2024/11/30);0
2vlkTkPqdATznKHu9gD2c1;;;;;;;;;;;;;;;;;;;;;;;;;;;;;;;;;;;;;;;;;;;;;;;;;;;;;;;;;;;;;;;;;;;;;;;;;;;;;;;;0;0.0;73.0;59.0;Fuzzy Stuff (2024/11/30);0
3DqOJ2BoddzZpNdty3okJH;;;;;;;;;;;;;;;;;;;;;;;;;;;;;;;;;;;;;;;;;;;;;;;;;;;;;;;;;;;;;;;;;;;;;;;;;;;;;;;;0;0.0;66.0;59.0;Fuzzy Stuff (2024/11/30);0
3ttgpUD3IQaaJBaAbRQCsM;;;;;;;;;;;;;;;;;;;;;;;;;;;;;;;;;;;;;;;;;;;;;;;;;;;;;;;;;;;;;;;;;;;;;;;;;;;;;;;;0;0.0;62.0;59.0;Fuzzy Stuff (2024/11/30);0
6ryPKHgiz6MSGJ1wYqn28b;;;;;;;;;;;;;;;;;;;;;;;;;;;;;;;;;;;;;;;;;;;;;;;;;;;;;;;;;;;;;;;;;;;;;;;;;;;;;;;;0;0.0;62.0;59.0;Fuzzy Stuff (2024/11/30);0
1zdJbn7IDAJEyCINj7zraX;;;;;;;;;;;;;;;;;;;;;;;;;;;;;;;;;;;;;;;;;;;;;;;;;;;;;;;;;;;;;;;;;;;;;;;;;;;;;;;;0;0.0;54.0;58.0;Fuzzy Stuff (2024/11/30);0
5JjzX4mDn31502bewW6Pdn;;;;;;;;;;;;;;;;;;;;;;;;;;;;;;;;;;;;;;;;;;;;;;;;;;;;;;;;;;;;;;;;;;;;;;;;;;;;;;;;0;0.0;37.0;58.0;Fuzzy Stuff (2024/11/30);0
5RHIevCuoIZcY1AlnJ01fN;;;;;;;;;;;;;;;;;;;;;;;;;;;;;;;;;;;;;;;;;;;;;;;;;;;;;;;;;;;;;;;;;;;;;;;;;;;;;;;;0;0.0;59.0;58.0;Fuzzy Stuff (2024/11/30);0
790xAaylcgzyKm40GM95Gl;;;;;;;;;;;;;;;;;;;;;;;;;;;;;;;;;;;;;;;;;;;;;;;;;;;;;;;;;;;;;;;;;;;;;;;;;;;;;;;;0;0.0;69.0;57.0;Fuzzy Stuff (2024/11/30);0
0vBDPe2fDvH25gLITNoPSi;;;;;;;;;;;;;;;;;;;;;;;;;;;;;;;;;;;;;;;;;;;;;;;;;;;;;;;;;;;;;;;;;;;;;;;;;;;;;;;;0;0.0;17.0;56.0;Fuzzy Stuff (2024/11/30);0
199wv1uOJYZ1XyK8FTzwh2;;;;;;;;;;;;;;;;;;;;;;;;;;;;;;;;;;;;;;;;;;;;;;;;;;;;;;;;;;;;;;;;;;;;;;;;;;;;;;;;0;0.0;67.0;56.0;Fuzzy Stuff (2024/11/30);0
4mQw0wkyombRwP19uS2mLB;;;;;;;;;;;;;;;;;;;;;;;;;;;;;;;;;;;;;;;;;;;;;;;;;;;;;;;;;;;;;;;;;;;;;;;;;;;;;;;;0;0.0;48.0;56.0;Fuzzy Stuff (2024/11/30);0
6Lmx1AyfNlmOVCW2Sxisnk;;;;;;;;;;;;;;;;;;;;;;;;;;;;;;;;;;;;;;;;;;;;;;;;;;;;;;;;;;;;;;;;;;;;;;;;;;;;;;;;0;0.0;67.0;56.0;Fuzzy Stuff (2024/11/30);0
0sEkSDwCxjik95zgWLuzd5;;;;;;;;;;;;;;;;;;;;;;;;;;;;;;;;;;;;;;;;;;;;;;;;;;;;;;;;;;;;;;;;;;;;;;;;;;;;;;;;0;0.0;59.0;55.0;Fuzzy Stuff (2024/11/30);0
0wxOv1YxMqZXvT1xexK6z9;;;;;;;;;;;;;;;;;;;;;;;;;;;;;;;;;;;;;;;;;;;;;;;;;;;;;;;;;;;;;;;;;;;;;;;;;;;;;;;;0;0.0;0.0;55.0;Fuzzy Stuff (2024/11/30);0
2NZABaUZUleW2mIuDlh5ZA;;;;;;;;;;;;;;;;;;;;;;;;;;;;;;;;;;;;;;;;;;;;;;;;;;;;;;;;;;;;;;;;;;;;;;;;;;;;;;;;0;0.0;62.0;55.0;Fuzzy Stuff (2024/11/30);0
3V1BE32dGQthoGznoQkVtZ;;;;;;;;;;;;;;;;;;;;;;;;;;;;;;;;;;;;;;;;;;;;;;;;;;;;;;;;;;;;;;;;;;;;;;;;;;;;;;;;0;0.0;56.0;55.0;Fuzzy Stuff (2024/11/30);0
5YfGs3ieDe7tYnI0yOajp9;;;;;;;;;;;;;;;;;;;;;;;;;;;;;;;;;;;;;;;;;;;;;;;;;;;;;;;;;;;;;;;;;;;;;;;;;;;;;;;;0;0.0;51.0;55.0;Fuzzy Stuff (2024/11/30);0
6p5duPGjAdVYLq2kOGXYUD;;;;;;;;;;;;;;;;;;;;;;;;;;;;;;;;;;;;;;;;;;;;;;;;;;;;;;;;;;;;;;;;;;;;;;;;;;;;;;;;0;0.0;59.0;55.0;Fuzzy Stuff (2024/11/30);0
7gDgphzQU0urJU3AtoLJup;;;;;;;;;;;;;;;;;;;;;;;;;;;;;;;;;;;;;;;;;;;;;;;;;;;;;;;;;;;;;;;;;;;;;;;;;;;;;;;;0;0.0;58.0;55.0;Fuzzy Stuff (2024/11/30);0
0iiB9CYptXO5Fz728LHHsQ;;;;;;;;;;;;;;;;;;;;;;;;;;;;;;;;;;;;;;;;;;;;;;;;;;;;;;;;;;;;;;;;;;;;;;;;;;;;;;;;0;0.0;58.0;54.0;Fuzzy Stuff (2024/11/30);0
1EjIXKhNHI00ZLMRpS8iz8;;;;;;;;;;;;;;;;;;;;;;;;;;;;;;;;;;;;;;;;;;;;;;;;;;;;;;;;;;;;;;;;;;;;;;;;;;;;;;;;0;0.0;65.0;54.0;Fuzzy Stuff (2024/11/30);0
1wDSBJSCKxB8qZR6jnfqgt;;;;;;;;;;;;;;;;;;;;;;;;;;;;;;;;;;;;;;;;;;;;;;;;;;;;;;;;;;;;;;;;;;;;;;;;;;;;;;;;0;0.0;61.0;54.0;Fuzzy Stuff (2024/11/30);0
2wCgQVCF0jhDWiNTFjti7b;;;;;;;;;;;;;;;;;;;;;;;;;;;;;;;;;;;;;;;;;;;;;;;;;;;;;;;;;;;;;;;;;;;;;;;;;;;;;;;;0;0.0;65.0;54.0;Fuzzy Stuff (2024/11/30);0
4TKn4vUnYvdWsxpcFysvcN;;;;;;;;;;;;;;;;;;;;;;;;;;;;;;;;;;;;;;;;;;;;;;;;;;;;;;;;;;;;;;;;;;;;;;;;;;;;;;;;0;0.0;65.0;54.0;Fuzzy Stuff (2024/11/30);0
4hGLX2kT2Ayrw0Uh2oQp0J;;;;;;;;;;;;;;;;;;;;;;;;;;;;;;;;;;;;;;;;;;;;;;;;;;;;;;;;;;;;;;;;;;;;;;;;;;;;;;;;0;0.0;64.0;54.0;Fuzzy Stuff (2024/11/30);0
4pPg6iNauPbrAPOAYE8Jdz;;;;;;;;;;;;;;;;;;;;;;;;;;;;;;;;;;;;;;;;;;;;;;;;;;;;;;;;;;;;;;;;;;;;;;;;;;;;;;;;0;0.0;34.0;54.0;Fuzzy Stuff (2024/11/30);0
62rwEl9PfnDqrjqNjApOwV;;;;;;;;;;;;;;;;;;;;;;;;;;;;;;;;;;;;;;;;;;;;;;;;;;;;;;;;;;;;;;;;;;;;;;;;;;;;;;;;0;0.0;64.0;54.0;Fuzzy Stuff (2024/11/30);0
7ByDxFf6Xy7xPFAYafsLxI;;;;;;;;;;;;;;;;;;;;;;;;;;;;;;;;;;;;;;;;;;;;;;;;;;;;;;;;;;;;;;;;;;;;;;;;;;;;;;;;0;0.0;62.0;54.0;Fuzzy Stuff (2024/11/30);0
7pme6B95kKItToxKNCGIY8;;;;;;;;;;;;;;;;;;;;;;;;;;;;;;;;;;;;;;;;;;;;;;;;;;;;;;;;;;;;;;;;;;;;;;;;;;;;;;;;0;0.0;51.0;54.0;Fuzzy Stuff (2024/11/30);0
7zgEoBci3rKmEkLdsZ8ZKJ;;;;;;;;;;;;;;;;;;;;;;;;;;;;;;;;;;;;;;;;;;;;;;;;;;;;;;;;;;;;;;;;;;;;;;;;;;;;;;;;0;0.0;64.0;54.0;Fuzzy Stuff (2024/11/30);0
43FNnp0KnanReB8KCTl97p;;;;;;;;;;;;;;;;;;;;;;;;;;;;;;;;;;;;;;;;;;;;;;;;;;;;;;;;;;;;;;;;;;;;;;;;;;;;;;;;0;0.0;65.0;53.0;Fuzzy Stuff (2024/11/30);0
